Workbook

Sheet ods_project_ids
A1: OPR Project ID | B1: CARB Project ID | C1: Reporting Period | D1: Project Type | E1: Early Action/ Compliance | F1: Reporting Period Start Date | G1: Reporting Period End Date | H1: Vintage | I1: Offset Project Name | J1: Offset Project Operator | K1: Verification Body | L1: CARB Issuance ID | M1: Project Documentation | N1: ARB Offset Credits Issued | O1: type (ref, foam, mixed, ambiguous) | P1: protocol | Q1: cfc-11-ratio-p | R1: cfc-12-ratio-p | S1: cfc-13-ratio-p | T1: cfc-113-ratio-p | U1: cfc-114-ratio-p | V1: cfc-115-ratio-p | W1: hcfc-22-ratio-p | X1: hcfc-141b-ratio-p | Y1: drop | Z1: notes | AA1: cfc-11-ratio-a | AB1: cfc-12-ratio-a | AC1: cfc-13-ratio-a | AD1: cfc-113-ratio-a | AE1: cfc-114-ratio-a | AF1: cfc-115-ratio-a | AG1: hcfc-22-ratio-a | AH1: hcfc-141b-ratio-a
A2: ACR1007 | B2: CAOD1007 | C2: 1 | D2: ODS | E2: COP | F2: 45195 | G2: 45317 | H2: 2024 | I2: A-Gas 3-2023B | J2: A-Gas US, Inc. | K2: Dillon Consulting Limited | L2: CAOD1007-A | M2: https://greentrace.ice.com/acr/projects/registry/ACR_REGISTRY/project/P2323C9VS725 | N2: 79565 | O2: ref | P2: 2014 | Q2: 0.00092864841 | R2: 0.75226867 | S2: 0 | T2: 0.21644282 | U2: 0.017259385 | V2: 0.013100476 | W2: 0 | X2: 0 | AA2: 0.0009 | AB2: 0.7538 | AC2: 0 | AD2: 0.2112 | AE2: 0.0176 | AF2: 0.0164 | AG2: 0 | AH2: 0
A3: ACR1013 | B3: CAOD1013 | C3: 1 | D3: ODS | E3: COP | F3: 45378 | G3: 45415 | H3: 2024 | I3: Tradewater ODS 54 | J3: Tradewater, LLC | K3: SES, Inc. | L3: CAOD1013-A | M3: https://greentrace.ice.com/acr/projects/registry/ACR_REGISTRY/project/P2323C9VPD25 | N3: 92445 | O3: ref | P3: 2014 | Q3: 0.0992 | R3: 0.8762 | S3: 0 | T3: 0.0064 | U3: 0.0181 | V3: 0.0002 | W3: 0 | X3: 0 | AA3: 0.098 | AB3: 0.8771 | AC3: 0 | AD3: 0.0063 | AE3: 0.0185 | AF3: 0.0002 | AG3: 0 | AH3: 0
A4: ACR1020 | B4: CAOD1020 | C4: 1 | D4: ODS | E4: COP | F4: 45362 | G4: 45376 | H4: 2024 | I4: Hudson Tech 2024-1 | J4: Hudson Technologies Company | K4: SES, Inc. | L4: CAOD1020-A | M4: https://greentrace.ice.com/acr/projects/registry/ACR_REGISTRY/project/P2423C9VYN24 | N4: 83176 | O4: ref | P4: 2014 | Q4: 0.0002 | R4: 0.6724 | S4: 0 | T4: 0.3238 | U4: 0 | V4: 0.0036 | W4: 0 | X4: 0 | AA4: 0.0002 | AB4: 0.6776 | AC4: 0 | AD4: 0.3177 | AE4: 0 | AF4: 0.0045 | AG4: 0 | AH4: 0
A5: ACR1022 | B5: CAOD1022 | C5: 1 | D5: ODS | E5: COP | F5: 45300 | G5: 45340 | H5: 2024 | I5: Tradewater ODS 53B | J5: Tradewater, LLC | K5: SCS Global Services | L5: CAOD1022-A | M5: https://greentrace.ice.com/acr/projects/registry/ACR_REGISTRY/project/P2323C9VR625 | N5: 78611 | O5: ref | P5: 2014 | Q5: 0.0596 | R5: 0.9159 | S5: 0 | T5: 0.0218 | U5: 0.0016 | V5: 0.001 | W5: 0 | X5: 0 | AA5: 0.0588 | AB5: 0.9167 | AC5: 0.0002 | AD5: 0.0213 | AE5: 0.0016 | AF5: 0.0012 | AG5: 0 | AH5: 0
A6: ACR1040 | B6: CAOD1040 | C6: 1 | D6: ODS | E6: COP | F6: 45475 | G6: 45478 | H6: 2024 | I6: Tradewater ODS 55 | J6: Tradewater, LLC | K6: SES, Inc. | L6: CAOD1040-A | M6: https://greentrace.ice.com/acr/projects/registry/ACR_REGISTRY/project/P2423C9VQ425 | N6: 130298 | O6: ref | P6: 2014 | Q6: 0.0003 | R6: 0.9709 | S6: 0 | T6: 0 | U6: 0.0282 | V6: 0.0006 | W6: 0 | X6: 0 | AA6: 0.0003 | AB6: 0.9702 | AC6: 0 | AD6: 0 | AE6: 0.0287 | AF6: 0.0008 | AG6: 0 | AH6: 0
A7: ACR1042 | B7: CAOD1042 | C7: 1 | D7: ODS | E7: COP | F7: 45371 | G7: 45469 | H7: 2024 | I7: A-Gas 1-2024 | J7: A-Gas US, Inc. | K7: Dillon Consulting Limited | L7: CAOD1042-A | M7: https://greentrace.ice.com/acr/projects/registry/ACR_REGISTRY/project/P2323C9VS624 | N7: 92278 | O7: ref | P7: 2014 | Q7: 0.193 | R7: 0.6716 | S7: 0 | T7: 0.1005 | U7: 0.0217 | V7: 0.0132 | W7: 0 | X7: 0 | AA7: 0.1908 | AB7: 0.6725 | AC7: 0 | AD7: 0.098 | AE7: 0.0221 | AF7: 0.0166 | AG7: 0 | AH7: 0
A8: ACR1067 | B8: CAOD1067 | C8: 1 | D8: ODS | E8: COP | F8: 45538 | G8: 45540 | H8: 2024 | I8: Tradewater ODS 56 | J8: Tradewater, LLC | K8: SES, Inc. | L8: CAOD1067-A | M8: https://greentrace.ice.com/acr/projects/registry/ACR_REGISTRY/project/P2423C9VPU24 | N8: 63169 | O8: ref | P8: 2014 | Q8: 0 | R8: 0.9993 | S8: 0 | T8: 0 | U8: 0.0005 | V8: 0.0002 | W8: 0 | X8: 0 | AA8: 0 | AB8: 0.9992 | AC8: 0 | AD8: 0 | AE8: 0.0005 | AF8: 0.0002 | AG8: 0 | AH8: 0
A9: ACR1076 | B9: CAOD1076 | C9: 1 | D9: ODS | E9: COP | F9: 45482 | G9: 45533 | H9: 2024 | I9: Hudson Tech 2024-2 | J9: Hudson Technologies Company | K9: First Environment of California, Inc. | L9: CAOD1076-A | M9: https://greentrace.ice.com/acr/projects/registry/ACR_REGISTRY/project/P2323C9VVL22 | N9: 120685 | O9: ref | P9: 2014 | Q9: 0.4959 | R9: 0.0029 | S9: 0 | T9: 0.4288 | U9: 0.0717 | V9: 0.0007 | W9: 0 | X9: 0 | AA9: 0.4975 | AB9: 0.0029 | AC9: 0 | AD9: 0.4243 | AE9: 0.0744 | AF9: 0.0009 | AG9: 0 | AH9: 0
A10: ACR1090 | B10: CAOD1090 | C10: 1 | D10: ODS | E10: COP | F10: 45588 | G10: 45591 | H10: 2024 | I10: Tradewater ODS 57 | J10: Tradewater, LLC | K10: SES, Inc. | L10: CAOD1090-A | M10: https://greentrace.ice.com/acr/projects/registry/ACR_REGISTRY/project/P2423C9VQE25 | N10: 67943 | O10: ref | P10: 2014 | Q10: 0.084 | R10: 0.9103 | S10: 0 | T10: 0.0056 | U10: 0.0001 | V10: 0 | W10: 0 | X10: 0 | AA10: 0.083 | AB10: 0.9115 | AC10: 0 | AD10: 0.0054 | AE10: 0.0001 | AF10: 0 | AG10: 0 | AH10: 0
A11: ACR1109 | B11: CAOD1109 | C11: 1 | D11: ODS | E11: COP | F11: 45602 | G11: 45616 | H11: 2024 | I11: Hudson Tech 2024-3 | J11: Hudson Technologies Company | K11: First Environment of California, Inc. | L11: CAOD1109-A | M11: https://greentrace.ice.com/acr/projects/registry/ACR_REGISTRY/project/P2423C9VW523 | N11: 45693 | O11: ref | P11: 2014 | Q11: 0.959 | R11: 0.0005 | S11: 0 | T11: 0.0382 | U11: 0.0021 | V11: 0.0001 | W11: 0 | X11: 0 | AA11: 0.9594 | AB11: 0.0005 | AC11: 0 | AD11: 0.0377 | AE11: 0.0022 | AF11: 0.0001 | AG11: 0 | AH11: 0
A12: ACR1163 | B12: CAOD1163 | C12: 1 | D12: ODS | E12: COP | F12: 45722 | G12: 45742 | H12: 2025 | I12: Hudson Tech 2025-1 | J12: Hudson Technologies Company | K12: First Environment of California, Inc. | L12: CAOD1163-A | M12: https://greentrace.ice.com/acr/projects/registry/ACR_REGISTRY/project/P2323C9VW522 | N12: 61040 | O12: ref | P12: 2014 | Q12: 0.9969 | R12: 0.0002 | S12: 0 | T12: 0.0017 | U12: 0.0011 | V12: 0 | W12: 0 | X12: 0 | AA12: 0.9969 | AB12: 0.0003 | AC12: 0 | AD12: 0.0017 | AE12: 0.0011 | AF12: 0 | AG12: 0 | AH12: 0
A13: ACR170 | B13: CAOD5002 | C13: 1 | D13: ODS | E13: COP | F13: 40996 | G13: 41175 | H13: 2012 | I13: ECC ODS Destruction 2012 | J13: Environmental Credit Corp. | K13: SCS Engineers | L13: CAOD5002-A | M13: https://greentrace.ice.com/acr/projects/registry/ACR_REGISTRY/project/P2423C9VRV23 | N13: 306517 | O13: ref | P13: 2011 | Q13: 0.0281 | R13: 0.9592 | S13: 0 | T13: 0 | U13: 0.0108 | V13: 0.0018 | W13: 0 | X13: 0 | AA13: 0.0277 | AB13: 0.959 | AC13: 0 | AD13: 0 | AE13: 0.011 | AF13: 0.0022 | AG13: 0 | AH13: 0
... A19: ACR195 | B19: CAOD5049 | C19: 1 | D19: ODS | E19: COP | F19: 41704 | G19: 41730 | H19: 2014 | I19: EOS ARB ODS 2014-1 | J19: EOS Climate, Inc. | K19: NSF International | L19: CAOD5049-A | M19: https://greentrace.ice.com/acr/projects/registry/ACR_REGISTRY/project/P2423C9VXL23 | N19: 122080 | O19: ref | P19: 2011 | Q19: 0.2537 | R19: 0.7368 | S19: 0 | T19: 0.0008 | U19: 0.0066 | V19: 0.0022 | W19: 0 | X19: 0 | AA19: 0.251 | AB19: 0.7388 | AC19: 0 | AD19: 0.0007 | AE19: 0.0067 | AF19: 0.0027 | AG19: 0 | AH19: 0
A20: ACR196 | B20: CAOD5027 | C20: 1 | D20: ODS | E20: COP | F20: 41262 | G20: 41579 | H20: 2013 | I20: RR ACR 2013 | J20: RapRec Refrigerants, Inc. | K20: First Environment of California, Inc. | L20: CAOD5027-A | M20: https://greentrace.ice.com/acr/projects/registry/ACR_REGISTRY/project/P2423C9VKP26 | N20: 56124 | O20: ambiguous | P20: 2011 | Q20: 0.9671 | R20: 0.001 | S20: 0 | T20: 0.0319 | U20: 0 | V20: 0 | W20: 0 | X20: 0 | Z20: Discrepancy: Project listing document just lists refrigerants, and treating the ODPR numbers that way replicates the crediting calculation. However, there are HCFCs in the ODS destroyed table reported in the OPDR. Since they are very small quantities, and don't end up affecting the attribution ratios, we ignore here. | AA20: 0.9675 | AB20: 0.001 | AC20: 0 | AD20: 0.0315 | AE20: 0 | AF20: 0 | AG20: 0 | AH20: 0
A21: ACR198 | B21: CAOD5031 | C21: 1 | D21: ODS | E21: COP | F21: 41615 | G21: 41623 | H21: 2013 | I21: Wabashco Clean Sweep 2 | J21: Wabashco, LLC | K21: Ruby Canyon Engineering, Inc. | L21: CAOD5031-A | M21: https://greentrace.ice.com/acr/projects/registry/ACR_REGISTRY/project/P2423C9VPH22 | N21: 88044 | O21: ref | P21: 2011 | Q21: 0.0002 | R21: 0.9996 | S21: 0 | T21: 0.0001 | U21: 0 | V21: 0.0002 | W21: 0 | X21: 0 | AA21: 0.0002 | AB21: 0.9995 | AC21: 0 | AD21: 0.0001 | AE21: 0 | AF21: 0.0002 | AG21: 0 | AH21: 0
A22: ACR206 | B22: CAOD5052 | C22: 1 | D22: ODS | E22: COP | F22: 41743 | G22: 41751 | H22: 2014 | I22: 2014-P4 | J22: EOS Climate, Inc. | K22: NSF International | L22: CAOD5052-A | M22: https://greentrace.ice.com/acr/projects/registry/ACR_REGISTRY/project/P2323C9VXL25 | N22: 71825 | O22: ref | P22: 2011 | Q22: 0 | R22: 0.9995 | S22: 0 | T22: 0 | U22: 0.0004 | V22: 0.0002 | W22: 0 | X22: 0 | AA22: 0 | AB22: 0.9994 | AC22: 0 | AD22: 0 | AE22: 0.0004 | AF22: 0.0002 | AG22: 0 | AH22: 0
A23: ACR208 | B23: CAOD5056 | C23: 1 | D23: ODS | E23: COP | F23: 41641 | G23: 41782 | H23: 2014 | I23: RR ACR 2014 | J23: RapRec Refrigerants, Inc. | K23: First Environment of California, Inc. | L23: CAOD5056-A | M23: https://greentrace.ice.com/acr/projects/registry/ACR_REGISTRY/project/P2323C9VKP25 | N23: 315794 | O23: ref | P23: 2011 | Q23: 0.5672 | R23: 0.4287 | S23: 0 | T23: 0.0034 | U23: 0.0004 | V23: 0.0004 | W23: 0 | X23: 0 | AA23: 0.5639 | AB23: 0.4319 | AC23: 0 | AD23: 0.0033 | AE23: 0.0004 | AF23: 0.0005 | AG23: 0 | AH23: 0
A24: ACR213 | B24: CAOD5068 | C24: 1 | D24: ODS | E24: COP | F24: 42074 | G24: 42087 | H24: 2015 | I24: EOS ACR 213 | J24: EOS Climate, Inc. | K24: SES, Inc. | L24: CAOD5068-A | M24: https://greentrace.ice.com/acr/projects/registry/ACR_REGISTRY/project/P2423C9VXM22 | N24: 127664 | O24: ref | P24: 2011 | Q24: 0 | R24: 0.9995 | S24: 0 | T24: 0.0001 | U24: 0.0004 | V24: 0 | W24: 0 | X24: 0 | AA24: =(AA7*($C19/$C7))/$C19 -> 0.1908 | AB24: =(AB7*($C19/$C7))/$C19 -> 0.6725 | AC24: =(AC7*($C19/$C7))/$C19 -> 0 | AD24: =(AD7*($C19/$C7))/$C19 -> 0.098 | AE24: =(AE7*($C19/$C7))/$C19 -> 0.0221 | AF24: =(AF7*($C19/$C7))/$C19 -> 0.0166 | AG24: =(AG7*($C19/$C7))/$C19 -> 0 | AH24: =(AH7*($C19/$C7))/$C19 -> 0
A25: ACR214 | B25: CAOD5069 | C25: 1 | D25: ODS | E25: COP | F25: 42128 | G25: 42144 | H25: 2015 | I25: EOS ACR 214 | J25: EOS Climate, Inc. | K25: SES, Inc. | L25: CAOD5069-A | M25: https://greentrace.ice.com/acr/projects/registry/ACR_REGISTRY/project/P2323C9VY923 | N25: 145580 | O25: ref | P25: 2011 | Q25: 0.0002 | R25: 0.9995 | S25: 0 | T25: 0 | U25: 0.0002 | V25: 0.0001 | W25: 0 | X25: 0 | AA25: 0.0002 | AB25: 0.9994 | AC25: 0 | AD25: 0 | AE25: 0.0002 | AF25: 0.0002 | AG25: 0 | AH25: 0
A26: ACR221 | B26: CAOD5070 | C26: 1 | D26: ODS | E26: COP | F26: 41810 | G26: 41822 | H26: 2014 | I26: Wabashco Clean Sweep 3 | J26: Wabashco, LLC | K26: Ruby Canyon Engineering, Inc. | L26: CAOD5070-A | M26: https://greentrace.ice.com/acr/projects/registry/ACR_REGISTRY/project/P2423C9VPH23 | N26: 112378 | O26: ref | P26: 2011 | Q26: 0.0004 | R26: 0.9993 | S26: 0 | T26: 0.0003 | U26: 0 | V26: 0 | W26: 0 | X26: 0 | AA26: 0.0004 | AB26: 0.9993 | AC26: 0 | AD26: 0.0003 | AE26: 0 | AF26: 0 | AG26: 0 | AH26: 0
A27: ACR225 | B27: CAOD5099 | C27: 1 | D27: ODS | E27: COP | F27: 42027 | G27: 42048 | H27: 2015 | I27: Wabashco Clean Sweep 4 | J27: Wabashco, LLC | K27: Ruby Canyon Engineering, Inc. | L27: CAOD5099-A | M27: https://greentrace.ice.com/acr/projects/registry/ACR_REGISTRY/project/P2323C9VPJ25 | N27: 110003 | O27: ref | P27: 2011 | Q27: 0.0001 | R27: 0.9999 | S27: 0 | T27: 0 | U27: 0 | V27: 0 | W27: 0 | X27: 0 | AA27: 0.0001 | AB27: 0.9999 | AC27: 0 | AD27: 0 | AE27: 0 | AF27: 0 | AG27: 0 | AH27: 0
A28: ACR240 | B28: CAOD5140 | C28: 1 | D28: ODS | E28: COP | F28: 42276 | G28: 42295 | H28: 2015 | I28: EOS ACR 240 | J28: EOS Climate, Inc. | K28: SES, Inc. | L28: CAOD5140-A | M28: https://greentrace.ice.com/acr/projects/registry/ACR_REGISTRY/project/P2423C9VWU24 | N28: 129700 | O28: ref | P28: 2014 | Q28: 0 | R28: 0.9998 | S28: 0 | T28: 0 | U28: 0.0001 | V28: 0 | W28: 0 | X28: 0 | AA28: 0 | AB28: 0.9998 | AC28: 0 | AD28: 0 | AE28: 0.0001 | AF28: 0 | AG28: 0 | AH28: 0
A29: ACR244 | B29: CAOD5177 | C29: 1 | D29: ODS | E29: COP | F29: 42094 | G29: 42117 | H29: 2015 | I29: Wabashco Clean Sweep 5 | J29: Wabashco, LLC | K29: Ruby Canyon Engineering, Inc. | L29: CAOD5177-A | M29: https://greentrace.ice.com/acr/projects/registry/ACR_REGISTRY/project/P2323C9VPH24 | N29: 57589 | O29: ref | P29: 2014 | Q29: 0.0025 | R29: 0.9973 | S29: 0 | T29: 0.0001 | U29: 0.0001 | V29: 0 | W29: 0 | X29: 0 | AA29: 0.0025 | AB29: 0.9973 | AC29: 0 | AD29: 0.0001 | AE29: 0.0001 | AF29: 0 | AG29: 0 | AH29: 0
A30: ACR252 | B30: CAOD5188 | C30: 1 | D30: ODS | E30: COP | F30: 42311 | G30: 42327 | H30: 2015 | I30: EOS ACR 252 | J30: EOS Climate, Inc. | K30: SES, Inc. | L30: CAOD5188-A | M30: https://greentrace.ice.com/acr/projects/registry/ACR_REGISTRY/project/P2323C9VXH23 | N30: 140736 | O30: ref | P30: 2014 | Q30: 0 | R30: 0.9998 | S30: 0 | T30: 0 | U30: 0.0001 | V30: 0 | W30: 0 | X30: 0 | AA30: 0 | AB30: 0.9998 | AC30: 0 | AD30: 0 | AE30: 0.0001 | AF30: 0 | AG30: 0 | AH30: 0
A31: ACR253 | B31: CAOD5189 | C31: 1 | D31: ODS | E31: COP | F31: 42345 | G31: 42359 | H31: 2015 | I31: EOS ACR 253 | J31: EOS Climate, Inc. | K31: SES, Inc. | L31: CAOD5189-A | M31: https://greentrace.ice.com/acr/projects/registry/ACR_REGISTRY/project/P2423C9VXJ24 | N31: 135017 | O31: ref | P31: 2014 | Q31: 0 | R31: 0.9997 | S31: 0 | T31: 0 | U31: 0.0002 | V31: 0 | W31: 0 | X31: 0 | AA31: 0 | AB31: 0.9997 | AC31: 0 | AD31: 0 | AE31: 0.0002 | AF31: 0 | AG31: 0 | AH31: 0
A32: ACR254 | B32: CAOD5191 | C32: 1 | D32: ODS | E32: COP | F32: 42266 | G32: 42275 | H32: 2015 | I32: Wabashco Clean Sweep 6 | J32: Wabashco, LLC | K32: Ruby Canyon Engineering, Inc. | L32: CAOD5191-A | M32: https://greentrace.ice.com/acr/projects/registry/ACR_REGISTRY/project/P2323C9VN225 | N32: 39036 | O32: ref | P32: 2014 | Q32: 0 | R32: 0.9983 | S32: 0 | T32: 0 | U32: 0.0017 | V32: 0 | W32: 0 | X32: 0 | AA32: 0 | AB32: 0.9983 | AC32: 0 | AD32: 0 | AE32: 0.0017 | AF32: 0 | AG32: 0 | AH32: 0
A33: ACR271 | B33: CAOD5211 | C33: 1 | D33: ODS | E33: COP | F33: 42382 | G33: 42393 | H33: 2016 | I33: EOS ACR 271 | J33: EOS Climate, Inc. | K33: Ruby Canyon Engineering, Inc. | L33: CAOD5211-A | M33: https://greentrace.ice.com/acr/projects/registry/ACR_REGISTRY/project/P2323C9VXJ25 | N33: 124882 | O33: ref | P33: 2014 | Q33: 0 | R33: 0.9996 | S33: 0 | T33: 0 | U33: 0.0001 | V33: 0.0002 | W33: 0 | X33: 0 | AA33: 0 | AB33: 0.9995 | AC33: 0 | AD33: 0 | AE33: 0.0002 | AF33: 0.0003 | AG33: 0 | AH33: 0
A34: ACR275 | B34: CAOD5215 | C34: 1 | D34: ODS | E34: COP | F34: 42367 | G34: 42381 | H34: 2016 | I34: Wabashco Clean Sweep 7 | J34: Wabashco, LLC | K34: Ruby Canyon Engineering, Inc. | L34: CAOD5215-A | M34: https://greentrace.ice.com/acr/projects/registry/ACR_REGISTRY/project/P2423C9VN322 | N34: 116836 | O34: ref | P34: 2014 | Q34: 0.0001 | R34: 0.9984 | S34: 0 | T34: 0 | U34: 0.0015 | V34: 0 | W34: 0 | X34: 0 | AA34: 0.0001 | AB34: 0.9984 | AC34: 0 | AD34: 0 | AE34: 0.0015 | AF34: 0 | AG34: 0 | AH34: 0
A35: ACR285 | B35: CAOD5216 | C35: 1 | D35: ODS | E35: COP | F35: 42328 | G35: 42332 | H35: 2015 | I35: EOS ACR 285 | J35: EOS Climate, Inc. | K35: SES, Inc. | L35: CAOD5216-A | M35: https://greentrace.ice.com/acr/projects/registry/ACR_REGISTRY/project/P2423C9VY923 | N35: 45663 | O35: ref | P35: 2014 | Q35: 0.9638 | R35: 0.0075 | S35: 0 | T35: 0.0287 | U35: 0 | V35: 0 | W35: 0 | X35: 0 | AA35: 0.964 | AB35: 0.0076 | AC35: 0 | AD35: 0.0283 | AE35: 0 | AF35: 0 | AG35: 0 | AH35: 0
A36: ACR311 | B36: CAOD5261 | C36: 1 | D36: ODS | E36: COP | F36: 42466 | G36: 42473 | H36: 2016 | I36: EOS ACR 311 | J36: EOS Climate, Inc. | K36: Ruby Canyon Engineering, Inc. | L36: CAOD5261-A | M36: https://greentrace.ice.com/acr/projects/registry/ACR_REGISTRY/project/P2323C9VXK23 | N36: 107264 | O36: ref | P36: 2014 | Q36: 0.0002 | R36: 0.96 | S36: 0 | T36: 0 | U36: 0.0335 | V36: 0.0063 | W36: 0 | X36: 0 | AA36: 0.0002 | AB36: 0.9578 | AC36: 0 | AD36: 0 | AE36: 0.0341 | AF36: 0.0079 | AG36: 0 | AH36: 0
... A39: ACR315 | B39: CAOD5277 | C39: 1 | D39: ODS | E39: COP | F39: 42583 | G39: 42594 | H39: 2016 | I39: EOS ACR 315 | J39: EOS Climate, Inc. | K39: Ruby Canyon Engineering, Inc. | L39: CAOD5277-A | M39: https://greentrace.ice.com/acr/projects/registry/ACR_REGISTRY/project/P2423C9VY825 | N39: 86839 | O39: ref | P39: 2014 | Q39: 0.003 | R39: 0.9772 | S39: 0 | T39: 0 | U39: 0.0198 | V39: 0 | W39: 0 | X39: 0 | AA39: 0.0029 | AB39: 0.9768 | AC39: 0.0001 | AD39: 0 | AE39: 0.0202 | AF39: 0 | AG39: 0 | AH39: 0
A40: ACR316 | B40: CAOD5278 | C40: 1 | D40: ODS | E40: COP | F40: 42601 | G40: 42617 | H40: 2016 | I40: EOS ACR 316 | J40: EOS Climate, Inc. | K40: Ruby Canyon Engineering, Inc. | L40: CAOD5278-A | M40: https://greentrace.ice.com/acr/projects/registry/ACR_REGISTRY/project/P2423C9VY826 | N40: 104897 | O40: ref | P40: 2014 | Q40: 0.0006 | R40: 0.9941 | S40: 0 | T40: 0 | U40: 0.0028 | V40: 0.0024 | W40: 0 | X40: 0 | AA40: =(AA20*($C35/$C20))/$C35 -> 0.9675 | AB40: =(AB20*($C35/$C20))/$C35 -> 0.001 | AC40: =(AC20*($C35/$C20))/$C35 -> 0 | AD40: =(AD20*($C35/$C20))/$C35 -> 0.0315 | AE40: =(AE20*($C35/$C20))/$C35 -> 0 | AF40: =(AF20*($C35/$C20))/$C35 -> 0 | AG40: =(AG20*($C35/$C20))/$C35 -> 0 | AH40: =(AH20*($C35/$C20))/$C35 -> 0
A41: ACR343 | B41: CAOD5343 | C41: 1 | D41: ODS | E41: COP | F41: 42559 | G41: 42582 | H41: 2016 | I41: Wabashco Clean Sweep 9 | J41: Wabashco, LLC | K41: SCS Global Services | L41: CAOD5343-A | M41: https://greentrace.ice.com/acr/projects/registry/ACR_REGISTRY/project/P2323C9VP523 | N41: 93298 | O41: ref | P41: 2014 | Q41: 0.003 | R41: 0.9895 | S41: 0 | T41: 0.0001 | U41: 0.0071 | V41: 0.0002 | W41: 0 | X41: 0 | AA41: 0.003 | AB41: 0.9893 | AC41: 0 | AD41: 0.0001 | AE41: 0.0072 | AF41: 0.0003 | AG41: 0 | AH41: 0
A42: ACR350 | B42: CAOD5350 | C42: 1 | D42: ODS | E42: COP | F42: 42592 | G42: 42595 | H42: 2016 | I42: Tradewater ODS 1 | J42: Tradewater, LLC | K42: Ruby Canyon Engineering, Inc. | L42: CAOD5350-A | M42: https://greentrace.ice.com/acr/projects/registry/ACR_REGISTRY/project/P2423C9VMB22 | N42: 116741 | O42: ref | P42: 2014 | Q42: 0 | R42: 0.9999 | S42: 0 | T42: 0 | U42: 0 | V42: 0 | W42: 0 | X42: 0 | AA42: 0 | AB42: 0.9999 | AC42: 0 | AD42: 0 | AE42: 0 | AF42: 0 | AG42: 0 | AH42: 0
A43: ACR351 | B43: CAOD5351 | C43: 1 | D43: ODS | E43: COP | F43: 42636 | G43: 42641 | H43: 2016 | I43: EOS ACR 351 | J43: EOS Climate, Inc. | K43: SES, Inc. | L43: CAOD5351-A | M43: https://greentrace.ice.com/acr/projects/registry/ACR_REGISTRY/project/P2423C9VVY23 | N43: 28562 | O43: ref | P43: 2014 | Q43: 0.9933 | R43: 0.0005 | S43: 0 | T43: 0.0062 | U43: 0 | V43: 0 | W43: 0 | X43: 0 | AA43: 0.9933 | AB43: 0.0005 | AC43: 0 | AD43: 0.0062 | AE43: 0 | AF43: 0 | AG43: 0 | AH43: 0
A44: ACR352 | B44: CAOD5352 | C44: 1 | D44: ODS | E44: COP | F44: 42669 | G44: 42675 | H44: 2016 | I44: EOS ACR 352 | J44: EOS Climate, Inc. | K44: SES, Inc. | L44: CAOD5352-A | M44: https://greentrace.ice.com/acr/projects/registry/ACR_REGISTRY/project/P2323C9VVZ22 | N44: 68637 | O44: ref | P44: 2014 | Q44: 0.3579 | R44: 0.0009 | S44: 0 | T44: 0.0018 | U44: 0.6394 | V44: 0 | W44: 0 | X44: 0 | AA44: 0.3503 | AB44: 0.0009 | AC44: 0 | AD44: 0.0017 | AE44: 0.647 | AF44: 0 | AG44: 0 | AH44: 0
A45: ACR354 | B45: CAOD5354 | C45: 1 | D45: ODS | E45: COP | F45: 42628 | G45: 42634 | H45: 2016 | I45: Tradewater ODS 2 | J45: Tradewater, LLC | K45: Ruby Canyon Engineering, Inc. | L45: CAOD5354-A | M45: https://greentrace.ice.com/acr/projects/registry/ACR_REGISTRY/project/P2323C9VLZ24 | N45: 103357 | O45: ref | P45: 2014 | Q45: 0 | R45: 0.99 | S45: 0 | T45: 0 | U45: 0.01 | V45: 0 | W45: 0 | X45: 0 | AA45: 0 | AB45: 0.9898 | AC45: 0 | AD45: 0 | AE45: 0.0102 | AF45: 0 | AG45: 0 | AH45: 0
A46: ACR356 | B46: CAOD5356 | C46: 1 | D46: ODS | E46: COP | F46: 42706 | G46: 42732 | H46: 2016 | I46: EOS ACR 356 | J46: EOS Climate, Inc. | K46: SES, Inc. | L46: CAOD5356-A | M46: https://greentrace.ice.com/acr/projects/registry/ACR_REGISTRY/project/P2323C9VVZ23 | N46: 110720 | O46: ref | P46: 2014 | Q46: 0.4326 | R46: 0.5313 | S46: 0 | T46: 0.0163 | U46: 0.0197 | V46: 0.0002 | W46: 0 | X46: 0 | AA46: 0.4294 | AB46: 0.5343 | AC46: 0 | AD46: 0.016 | AE46: 0.0202 | AF46: 0.0002 | AG46: 0 | AH46: 0
A47: ACR357 | B47: CAOD5357 | C47: 1 | D47: ODS | E47: COP | F47: 42741 | G47: 42766 | H47: 2017 | I47: EOS ACR 357 | J47: EOS Climate, Inc. | K47: SES, Inc. | L47: CAOD5357-A | M47: https://greentrace.ice.com/acr/projects/registry/ACR_REGISTRY/project/P2423C9VW223 | N47: 84131 | O47: ref | P47: 2014 | Q47: 0.3455 | R47: 0.5983 | S47: 0 | T47: 0.045 | U47: 0.0112 | V47: 0 | W47: 0 | X47: 0 | AA47: 0.3429 | AB47: 0.6016 | AC47: 0 | AD47: 0.044 | AE47: 0.0115 | AF47: 0 | AG47: 0 | AH47: 0
A48: ACR358 | B48: CAOD5358 | C48: 1 | D48: ODS | E48: COP | F48: 42832 | G48: 42837 | H48: 2017 | I48: EOS ACR 358 | J48: EOS Climate, Inc. | K48: SES, Inc. | L48: CAOD5358-A | M48: https://greentrace.ice.com/acr/projects/registry/ACR_REGISTRY/project/P2423C9VW224 | N48: 60749 | O48: ref | P48: 2014 | Q48: 0.9738 | R48: 0.0002 | S48: 0 | T48: 0.0254 | U48: 0.0005 | V48: 0 | W48: 0 | X48: 0 | AA48: =(AA28*($C43/$C28))/$C43 -> 0 | AB48: =(AB28*($C43/$C28))/$C43 -> 0.9998 | AC48: =(AC28*($C43/$C28))/$C43 -> 0 | AD48: =(AD28*($C43/$C28))/$C43 -> 0 | AE48: =(AE28*($C43/$C28))/$C43 -> 0.0001 | AF48: =(AF28*($C43/$C28))/$C43 -> 0 | AG48: =(AG28*($C43/$C28))/$C43 -> 0 | AH48: =(AH28*($C43/$C28))/$C43 -> 0
A49: ACR359 | B49: CAOD5359 | C49: 1 | D49: ODS | E49: COP | F49: 42689 | G49: 42698 | H49: 2016 | I49: Tradewater ODS 3 | J49: Tradewater, LLC | K49: Ruby Canyon Engineering, Inc. | L49: CAOD5359-A | M49: https://greentrace.ice.com/acr/projects/registry/ACR_REGISTRY/project/P2423C9VMC25 | N49: 97813 | O49: ref | P49: 2014 | Q49: 0 | R49: 0.9967 | S49: 0 | T49: 0 | U49: 0.0033 | V49: 0 | W49: 0 | X49: 0 | AA49: 0 | AB49: 0.9966 | AC49: 0 | AD49: 0 | AE49: 0.0033 | AF49: 0 | AG49: 0 | AH49: 0
A50: ACR363 | B50: CAOD5363 | C50: 1 | D50: ODS | E50: COP | F50: 42758 | G50: 42767 | H50: 2017 | I50: Tradewater ODS 4 | J50: Tradewater, LLC | K50: Ruby Canyon Engineering, Inc. | L50: CAOD5363-A | M50: https://greentrace.ice.com/acr/projects/registry/ACR_REGISTRY/project/P2323C9VMC22 | N50: 91819 | O50: ref | P50: 2014 | Q50: 0 | R50: 0.9998 | S50: 0 | T50: 0 | U50: 0.0001 | V50: 0 | W50: 0 | X50: 0 | AA50: 0 | AB50: 0.9998 | AC50: 0 | AD50: 0 | AE50: 0.0001 | AF50: 0.0001 | AG50: 0 | AH50: 0
A51: ACR370 | B51: CAOD5370 | C51: 1 | D51: ODS | E51: COP | F51: 42794 | G51: 42818 | H51: 2017 | I51: Tradewater ODS 5 | J51: Tradewater, LLC | K51: Ruby Canyon Engineering, Inc. | L51: CAOD5370-A | M51: https://greentrace.ice.com/acr/projects/registry/ACR_REGISTRY/project/P2423C9VLF24 | N51: 121455 | O51: ref | P51: 2014 | Q51: 0.0001 | R51: 0.9989 | S51: 0 | T51: 0 | U51: 0.001 | V51: 0 | W51: 0 | X51: 0 | AA51: 0.0001 | AB51: 0.9989 | AC51: 0 | AD51: 0 | AE51: 0.001 | AF51: 0 | AG51: 0 | AH51: 0
A52: ACR379 | B52: CAOD5379 | C52: 1 | D52: ODS | E52: COP | F52: 42871 | G52: 42876 | H52: 2017 | I52: Tradewater ODS 6 | J52: Tradewater, LLC | K52: Ruby Canyon Engineering, Inc. | L52: CAOD5379-A | M52: https://greentrace.ice.com/acr/projects/registry/ACR_REGISTRY/project/P2323C9VMC23 | N52: 120918 | O52: ref | P52: 2014 | Q52: 0 | R52: 0.9951 | S52: 0 | T52: 0 | U52: 0.0047 | V52: 0.0002 | W52: 0 | X52: 0 | AA52: 0 | AB52: 0.9949 | AC52: 0 | AD52: 0 | AE52: 0.0048 | AF52: 0.0002 | AG52: 0 | AH52: 0
A53: ACR383 | B53: CAOD5383 | C53: 1 | D53: ODS | E53: COP | F53: 42973 | G53: 42975 | H53: 2017 | I53: Tradewater ODS 7 | J53: Tradewater, LLC | K53: SES, Inc. | L53: CAOD5383-A | M53: https://greentrace.ice.com/acr/projects/registry/ACR_REGISTRY/project/P2323C9VNE25 | N53: 138972 | O53: ref | P53: 2014 | Q53: 0 | R53: 0.999 | S53: 0 | T53: 0 | U53: 0.001 | V53: 0 | W53: 0 | X53: 0 | AA53: =(AA33*($C48/$C33))/$C48 -> 0 | AB53: =(AB33*($C48/$C33))/$C48 -> 0.9995 | AC53: =(AC33*($C48/$C33))/$C48 -> 0 | AD53: =(AD33*($C48/$C33))/$C48 -> 0 | AE53: =(AE33*($C48/$C33))/$C48 -> 0.0002 | AF53: =(AF33*($C48/$C33))/$C48 -> 0.0003 | AG53: =(AG33*($C48/$C33))/$C48 -> 0 | AH53: =(AH33*($C48/$C33))/$C48 -> 0
A54: ACR385 | B54: CAOD5385 | C54: 1 | D54: ODS | E54: COP | F54: 42994 | G54: 42996 | H54: 2017 | I54: Tradewater ODS 8 | J54: Tradewater, LLC | K54: SES, Inc. | L54: CAOD5385-A | M54: https://greentrace.ice.com/acr/projects/registry/ACR_REGISTRY/project/P2323C9VMD25 | N54: 138331 | O54: ref | P54: 2014 | Q54: 0 | R54: 0.9968 | S54: 0 | T54: 0.0001 | U54: 0.0031 | V54: 0 | W54: 0 | X54: 0 | AA54: 0 | AB54: 0.9967 | AC54: 0 | AD54: 0.0001 | AE54: 0.0031 | AF54: 0 | AG54: 0 | AH54: 0
A55: ACR387 | B55: CAOD5387 | C55: 1 | D55: ODS | E55: COP | F55: 43041 | G55: 43043 | H55: 2017 | I55: Tradewater ODS 9 | J55: Tradewater, LLC | K55: SES, Inc. | L55: CAOD5387-A | M55: https://greentrace.ice.com/acr/projects/registry/ACR_REGISTRY/project/P2423C9VMD24 | N55: 129854 | O55: ref | P55: 2014 | Q55: 0 | R55: 0.9984 | S55: 0 | T55: 0 | U55: 0.0014 | V55: 0.0001 | W55: 0 | X55: 0 | AA55: 0 | AB55: 0.9984 | AC55: 0 | AD55: 0 | AE55: 0.0014 | AF55: 0.0002 | AG55: 0 | AH55: 0
A56: ACR401 | B56: CAOD5401 | C56: 1 | D56: ODS | E56: COP | F56: 43100 | G56: 43113 | H56: 2018 | I56: Tradewater ODS 10 | J56: Tradewater, LLC | K56: SES, Inc. | L56: CAOD5401-A | M56: https://greentrace.ice.com/acr/projects/registry/ACR_REGISTRY/project/P2423C9VNB22 | N56: 137262 | O56: ref | P56: 2014 | Q56: 0.1034 | R56: 0.8948 | S56: 0 | T56: 0.0002 | U56: 0.0016 | V56: 0 | W56: 0 | X56: 0 | AA56: 0.1022 | AB56: 0.896 | AC56: 0 | AD56: 0.0002 | AE56: 0.0016 | AF56: 0 | AG56: 0 | AH56: 0
A57: ACR404 | B57: CAOD5404 | C57: 1 | D57: ODS | E57: COP | F57: 43152 | G57: 43154 | H57: 2018 | I57: Tradewater ODS 11 | J57: Tradewater, LLC | K57: SES, Inc. | L57: CAOD5404-A | M57: https://greentrace.ice.com/acr/projects/registry/ACR_REGISTRY/project/P2423C9VME25 | N57: 118326 | O57: ref | P57: 2014 | Q57: 0.0001 | R57: 0.9987 | S57: 0 | T57: 0.001 | U57: 0.0001 | V57: 0.0001 | W57: 0 | X57: 0 | AA57: 0.0001 | AB57: 0.9987 | AC57: 0 | AD57: 0.001 | AE57: 0.0002 | AF57: 0.0001 | AG57: 0 | AH57: 0
A58: ACR419 | B58: CAOD5419 | C58: 1 | D58: ODS | E58: COP | F58: 43220 | G58: 43223 | H58: 2018 | I58: Tradewater ODS 12 | J58: Tradewater, LLC | K58: SES, Inc. | L58: CAOD5419-A | M58: https://greentrace.ice.com/acr/projects/registry/ACR_REGISTRY/project/P2323C9VME24 | N58: 132126 | O58: ref | P58: 2014 | Q58: 0 | R58: 0.9998 | S58: 0 | T58: 0 | U58: 0.0001 | V58: 0 | W58: 0 | X58: 0 | AA58: 0 | AB58: 0.9998 | AC58: 0 | AD58: 0 | AE58: 0.0001 | AF58: 0 | AG58: 0 | AH58: 0
A59: ACR426 | B59: CAOD5426 | C59: 1 | D59: ODS | E59: COP | F59: 43294 | G59: 43297 | H59: 2018 | I59: Tradewater ODS 13 | J59: Tradewater, LLC | K59: Ruby Canyon Engineering, Inc. | L59: CAOD5426-A | M59: https://greentrace.ice.com/acr/projects/registry/ACR_REGISTRY/project/P2423C9VMF24 | N59: 140145 | O59: ref | P59: 2014 | Q59: =Q57/$C57 -> 0.0001 | R59: =R57/$C57 -> 0.9987 | S59: =S57/$C57 -> 0 | T59: =T57/$C57 -> 0.001 | U59: =U57/$C57 -> 0.0001 | V59: =V57/$C57 -> 0.0001 | W59: =W57/$C57 -> 0 | X59: =X57/$C57 -> 0 | AA59: 0.0001 | AB59: 0.9908 | AC59: 0 | AD59: 0 | AE59: 0.0091 | AF59: 0 | AG59: 0 | AH59: 0
A60: ACR429 | B60: CAOD5429 | C60: 1 | D60: ODS | E60: COP | F60: 43347 | G60: 43350 | H60: 2018 | I60: Tradewater ODS 14 | J60: Tradewater, LLC | K60: Ruby Canyon Engineering, Inc. | L60: CAOD5429-A | M60: https://greentrace.ice.com/acr/projects/registry/ACR_REGISTRY/project/P2323C9VMF22 | N60: 141087 | O60: ref | P60: 2014 | Q60: 0 | R60: 0.9889 | S60: 0 | T60: 0 | U60: 0.0111 | V60: 0 | W60: 0 | X60: 0 | AA60: 0 | AB60: 0.9887 | AC60: 0 | AD60: 0 | AE60: 0.0113 | AF60: 0 | AG60: 0 | AH60: 0
A61: ACR431 | B61: CAOD5431 | C61: 1 | D61: ODS | E61: COP | F61: 43377 | G61: 43384 | H61: 2018 | I61: Tradewater ODS 15 | J61: Tradewater, LLC | K61: Ruby Canyon Engineering, Inc. | L61: CAOD5431-A | M61: https://greentrace.ice.com/acr/projects/registry/ACR_REGISTRY/project/P2423C9VMF25 | N61: 52322 | O61: ref | P61: 2014 | Q61: 0.9162 | R61: 0.0027 | S61: 0 | T61: 0.081 | U61: 0.0002 | V61: 0 | W61: 0 | X61: 0 | AA61: 0.9172 | AB61: 0.0027 | AC61: 0 | AD61: 0.08 | AE61: 0.0002 | AF61: 0 | AG61: 0 | AH61: 0
A62: ACR432 | B62: CAOD5432 | C62: 1 | D62: ODS | E62: COP | F62: 43412 | G62: 43429 | H62: 2018 | I62: Hudson Tech 2018-1 | J62: Hudson Technologies Company | K62: Ruby Canyon Engineering, Inc. | L62: CAOD5432-A | M62: https://greentrace.ice.com/acr/projects/registry/ACR_REGISTRY/project/P2423C9VU724 | N62: 21967 | O62: ref | P62: 2014 | Q62: 0.0247 | R62: 0.1021 | S62: 0 | T62: 0 | U62: 0.0401 | V62: 0.833 | W62: 0 | X62: 0 | AA62: 0.0202 | AB62: 0.0843 | AC62: 0 | AD62: 0 | AE62: 0.0338 | AF62: 0.8617 | AG62: 0 | AH62: 0
A63: ACR433 | B63: CAOD5433 | C63: 1 | D63: ODS | E63: COP | F63: 43389 | G63: 43391 | H63: 2018 | I63: Tradewater ODS 16 | J63: Tradewater, LLC | K63: SES, Inc. | L63: CAOD5433-A | M63: https://greentrace.ice.com/acr/projects/registry/ACR_REGISTRY/project/P2323C9VMG25 | N63: 148592 | O63: ref | P63: 2014 | Q63: 0.0004 | R63: 0.9995 | S63: 0 | T63: 0 | U63: 0.0001 | V63: 0 | W63: 0 | X63: 0 | AA63: 0.0004 | AB63: 0.9995 | AC63: 0 | AD63: 0 | AE63: 0.0001 | AF63: 0 | AG63: 0 | AH63: 0
A64: ACR435 | B64: CAOD5435 | C64: 1 | D64: ODS | E64: COP | F64: 43407 | G64: 43409 | H64: 2018 | I64: Tradewater ODS 17 | J64: Tradewater, LLC | K64: SES, Inc. | L64: CAOD5435-A | M64: https://greentrace.ice.com/acr/projects/registry/ACR_REGISTRY/project/P2423C9VMG22 | N64: 105029 | O64: ref | P64: 2014 | Q64: 0.0002 | R64: 0.9863 | S64: 0 | T64: 0 | U64: 0.0134 | V64: 0 | W64: 0 | X64: 0 | AA64: 0.0002 | AB64: 0.9861 | AC64: 0 | AD64: 0 | AE64: 0.0137 | AF64: 0 | AG64: 0 | AH64: 0
A65: ACR436 | B65: CAOD5436 | C65: 1 | D65: ODS | E65: COP | F65: 43426 | G65: 43427 | H65: 2018 | I65: Tradewater ODS 18 | J65: Tradewater, LLC | K65: SES, Inc. | L65: CAOD5436-A | M65: https://greentrace.ice.com/acr/projects/registry/ACR_REGISTRY/project/P2323C9VMH24 | N65: 96146 | O65: ref | P65: 2014 | Q65: 0.0003 | R65: 0.9997 | S65: 0 | T65: 0 | U65: 0 | V65: 0 | W65: 0 | X65: 0 | AA65: 0.0003 | AB65: 0.9997 | AC65: 0 | AD65: 0 | AE65: 0 | AF65: 0 | AG65: 0 | AH65: 0
A66: ACR442 | B66: CAOD5442 | C66: 1 | D66: ODS | E66: COP | F66: 43368 | G66: 43472 | H66: 2019 | I66: Coolgas 2019-2 | J66: Coolgas, Inc. | K66: SES, Inc. | L66: CAOD5442-A | M66: https://greentrace.ice.com/acr/projects/registry/ACR_REGISTRY/project/P2423C9VSZ24 | N66: 113564 | O66: ref | P66: 2014 | Q66: 0.7125 | R66: 0.2494 | S66: 0 | T66: 0.0345 | U66: 0.0025 | V66: 0.0011 | W66: 0 | X66: 0 | AA66: 0.7102 | AB66: 0.2519 | AC66: 0 | AD66: 0.0339 | AE66: 0.0026 | AF66: 0.0014 | AG66: 0 | AH66: 0
A67: ACR443 | B67: CAOD5443 | C67: 1 | D67: ODS | E67: COP | F67: 43431 | G67: 43486 | H67: 2019 | I67: A-Gas 2019-3 | J67: Reclamation Technologies, Inc. | K67: SES, Inc. | L67: CAOD5443-A | M67: https://greentrace.ice.com/acr/projects/registry/ACR_REGISTRY/project/P2423C9VTT22 | N67: 114871 | O67: ref | P67: 2014 | Q67: 0.4303 | R67: 0.5528 | S67: 0 | T67: 0.0043 | U67: 0.0048 | V67: 0.0078 | W67: 0 | X67: 0 | AA67: 0.4262 | AB67: 0.5549 | AC67: 0 | AD67: 0.0042 | AE67: 0.0049 | AF67: 0.0099 | AG67: 0 | AH67: 0
A68: ACR444 | B68: CAOD5444 | C68: 1 | D68: ODS | E68: COP | F68: 43511 | G68: 43555 | H68: 2019 | I68: A-Gas 2019-4 | J68: Reclamation Technologies, Inc. | K68: SES, Inc. | L68: CAOD5444-A | M68: https://greentrace.ice.com/acr/projects/registry/ACR_REGISTRY/project/P2423C9VU725 | N68: 88307 | O68: ref | P68: 2014 | Q68: 0.1141 | R68: 0.8805 | S68: 0 | T68: 0.0014 | U68: 0.0007 | V68: 0.0034 | W68: 0 | X68: 0 | AA68: 0.1127 | AB68: 0.8811 | AC68: 0 | AD68: 0.0013 | AE68: 0.0007 | AF68: 0.0042 | AG68: 0 | AH68: 0
A69: ACR445 | B69: CAOD5445 | C69: 1 | D69: ODS | E69: COP | F69: 43509 | G69: 43511 | H69: 2019 | I69: Hudson Tech 2019-1 | J69: Hudson Technologies Company | K69: Ruby Canyon Engineering, Inc. | L69: CAOD5445-A | M69: https://greentrace.ice.com/acr/projects/registry/ACR_REGISTRY/project/P2323C9VVH26 | N69: 54157 | O69: ref | P69: 2014 | Q69: 0.2939 | R69: 0.3592 | S69: 0 | T69: 0.0184 | U69: 0.2785 | V69: 0.0501 | W69: 0 | X69: 0 | AA69: 0.286 | AB69: 0.3542 | AC69: 0.0002 | AD69: 0.0177 | AE69: 0.2801 | AF69: 0.0618 | AG69: 0 | AH69: 0
A70: ACR461 | B70: CAOD5461 | C70: 1 | D70: ODS | E70: COP | F70: 43493 | G70: 43495 | H70: 2019 | I70: Tradewater ODS 19 | J70: Tradewater, LLC | K70: SES, Inc. | L70: CAOD5461-A | M70: https://greentrace.ice.com/acr/projects/registry/ACR_REGISTRY/project/P2423C9VMH25 | N70: 85284 | O70: ref | P70: 2014 | Q70: 0 | R70: 1 | S70: 0 | T70: 0 | U70: 0 | V70: 0 | W70: 0 | X70: 0 | AA70: 0 | AB70: 1 | AC70: 0 | AD70: 0 | AE70: 0 | AF70: 0 | AG70: 0 | AH70: 0
A71: ACR468 | B71: CAOD5468 | C71: 1 | D71: ODS | E71: COP | F71: 43521 | G71: 43523 | H71: 2019 | I71: Tradewater ODS 20 | J71: Tradewater, LLC | K71: SES, Inc. | L71: CAOD5468-A | M71: https://greentrace.ice.com/acr/projects/registry/ACR_REGISTRY/project/P2323C9VMJ24 | N71: 83032 | O71: ref | P71: 2014 | Q71: 0.0001 | R71: 0.9816 | S71: 0 | T71: 0 | U71: 0.0183 | V71: 0 | W71: 0 | X71: 0 | AA71: 0.0001 | AB71: 0.9812 | AC71: 0 | AD71: 0 | AE71: 0.0187 | AF71: 0 | AG71: 0 | AH71: 0
... A122: ACR877 | B122: CAOD5877 | C122: 1 | D122: ODS | E122: COP | F122: 44994 | G122: 45005 | H122: 2023 | I122: Hudson Tech 2023-1 | J122: Hudson Technologies Company | K122: SES, Inc. | L122: CAOD5877-A | M122: https://greentrace.ice.com/acr/projects/registry/ACR_REGISTRY/project/P2323C9VYM22 | N122: 71350 | O122: ref | P122: 2014 | Q122: 0.6363 | R122: 0.3447 | S122: 0 | T122: 0.0058 | U122: 0.0131 | V122: 0.0001 | W122: 0 | X122: 0 | AA122: 0.6331 | AB122: 0.3475 | AC122: 0 | AD122: 0.0057 | AE122: 0.0135 | AF122: 0.0002 | AG122: 0 | AH122: 0
A123: ACR884 | B123: CAOD5884 | C123: 1 | D123: ODS | E123: COP | F123: 45090 | G123: 45093 | H123: 2023 | I123: Tradewater ODS 50 | J123: Tradewater, LLC | K123: Ruby Canyon Environmental, Inc. | L123: CAOD5884-A | M123: https://greentrace.ice.com/acr/projects/registry/ACR_REGISTRY/project/P2423C9VMX24 | N123: 42364 | O123: ref | P123: 2014 | Y123: yes | Z123: Exclusion: This issuance is not associated with a public OPDR.
A124: ACR921 | B124: CAOD5921 | C124: 1 | D124: ODS | E124: COP | F124: 45124 | G124: 45143 | H124: 2023 | I124: Hudson Tech 2023-2 | J124: Hudson Technologies Company | K124: SES, Inc. | L124: CAOD5921-A | M124: https://greentrace.ice.com/acr/projects/registry/ACR_REGISTRY/project/P2323C9VYN24 | N124: 41444 | O124: ref | P124: 2014 | Q124: 0.2653 | R124: 0.4186 | S124: 0 | T124: 0.3149 | U124: 0.0006 | V124: 0.0006 | W124: 0 | X124: 0 | AA124: 0.2649 | AB124: 0.4235 | AC124: 0 | AD124: 0.3102 | AE124: 0.0006 | AF124: 0.0008 | AG124: 0 | AH124: 0
A125: ACR947 | B125: CAOD5947 | C125: 1 | D125: ODS | E125: COP | F125: 45211 | G125: 45237 | H125: 2023 | I125: Hudson Tech 2023-3 | J125: Hudson Technologies Company | K125: SES, Inc. | L125: CAOD5947-A | M125: https://greentrace.ice.com/acr/projects/registry/ACR_REGISTRY/project/P2423C9VYN23 | N125: 29969 | O125: ref | P125: 2014 | Q125: 0.4538 | R125: 0.3788 | S125: 0.0003 | T125: 0.0233 | U125: 0 | V125: 0.1438 | W125: 0 | X125: 0 | AA125: 0.4344 | AB125: 0.3675 | AC125: 0.0015 | AD125: 0.022 | AE125: 0 | AF125: 0.1747 | AG125: 0 | AH125: 0
A126: CAR1000 | B126: CAOD5009 | C126: 1 | D126: ODS | E126: COP | F126: 41592 | G126: 41599 | H126: 2013 | I126: EOS ARB ODS 2013-5 | J126: EOS Climate, Inc. | K126: NSF International Strategic Registrations, Ltd. | L126: CAOD5009-A | M126: https://thereserve2.apx.com/mymodule/reg/prjView.asp?id1=1000 | N126: 126155 | O126: ref | P126: 2011 | Q126: 0 | R126: 0.9997 | S126: 0 | T126: 0 | U126: 0.0002 | V126: 0.0001 | W126: 0 | X126: 0 | AA126: 0 | AB126: 0.9996 | AC126: 0 | AD126: 0 | AE126: 0.0002 | AF126: 0.0001 | AG126: 0 | AH126: 0
A127: CAR1011 | B127: CAOD5018 | C127: 1 | D127: ODS | E127: COP | F127: 41316 | G127: 41481 | H127: 2013 | I127: A-GAS RemTec 2013-1 | J127: Reclamation Technologies, Inc. | K127: Ruby Canyon Engineering, Inc. | L127: CAOD5018-A | M127: https://thereserve2.apx.com/mymodule/reg/prjView.asp?id1=1011 | N127: 93055 | O127: ref | P127: 2011 | Q127: 0.1478 | R127: 0.8497 | S127: 0 | T127: 0.0012 | U127: 0.0006 | V127: 0.0007 | W127: 0 | X127: 0 | AA127: 0.1461 | AB127: 0.8512 | AC127: 0 | AD127: 0.0011 | AE127: 0.0006 | AF127: 0.0008 | AG127: 0 | AH127: 0
A128: CAR1012 | B128: CAOD5022 | C128: 1 | D128: ODS | E128: COP | F128: 41548 | G128: 41553 | H128: 2013 | I128: DPC Domestic ODS Destruction Project #14 | J128: Diversified Pure Chem, LLC | K128: Ruby Canyon Engineering, Inc. | L128: CAOD5022-A | M128: https://thereserve2.apx.com/mymodule/reg/prjView.asp?id1=1012 | N128: 23276 | O128: ref | P128: 2011 | Q128: 0.000694712 | R128: 0 | S128: 0 | T128: 0.99533538 | U128: 0.003581826 | V128: 0.00038808 | W128: 0 | X128: 0 | AA128: 0.00070393 | AB128: 0 | AC128: 0 | AD128: 0.99504494 | AE128: 0.003752074 | AF128: 0.000499059 | AG128: 0 | AH128: 0
A129: CAR1016 | B129: CAOD5024 | C129: 1 | D129: ODS | E129: COP | F129: 41570 | G129: 41575 | H129: 2013 | I129: DPC Domestic ODS Destruction Project #15 | J129: Diversified Pure Chem, LLC | K129: Ruby Canyon Engineering, Inc. | L129: CAOD5024-A | M129: https://thereserve2.apx.com/mymodule/reg/prjView.asp?id1=1016 | N129: 46275 | O129: ref | P129: 2011 | Q129: 4.18066e-05 | R129: 0.99962926 | S129: 0 | T129: 0 | U129: 0.000223838 | V129: 0.000105093 | W129: 0 | X129: 0 | AA129: 4.12549e-05 | AB129: 0.99959878 | AC129: 0 | AD129: 0 | AE129: 0.000228353 | AF129: 0.000131616 | AG129: 0 | AH129: 0
A130: CAR1021 | B130: CAOD5048 | C130: 1 | D130: ODS | E130: COP | F130: 41682 | G130: 41684 | H130: 2014 | I130: EOS ARB ODS 2013-8 | J130: EOS Climate, Inc. | K130: NSF International | L130: CAOD5048-A | M130: https://thereserve2.apx.com/mymodule/reg/prjView.asp?id1=1021 | N130: 67490 | O130: ref | P130: 2011 | Q130: 8.3585e-05 | R130: 0.9996972 | S130: 0 | T130: 0 | U130: 0.000149175 | V130: 7.00383e-05 | W130: 0 | X130: 0 | AA130: 8.24829e-05 | AB130: 0.99967761 | AC130: 0 | AD130: 0 | AE130: 0.000152186 | AF130: 8.77157e-05 | AG130: 0 | AH130: 0
A131: CAR1025 | B131: CAOD5026 | C131: 1 | D131: ODS | E131: COP | F131: 41581 | G131: 41586 | H131: 2013 | I131: DPC Domestic ODS Destruction Project #16 | J131: Diversified Pure Chem, LLC | K131: Ruby Canyon Engineering, Inc. | L131: CAOD5026-A | M131: https://thereserve2.apx.com/mymodule/reg/prjView.asp?id1=1025 | N131: 24874 | O131: ref | P131: 2011 | Q131: 0.99917573 | R131: 0 | S131: 0.000824267 | T131: 0 | U131: 0 | V131: 0 | W131: 0 | X131: 0 | AA131: 0.99582076 | AB131: 0 | AC131: 0.004179237 | AD131: 0 | AE131: 0 | AF131: 0 | AG131: 0 | AH131: 0
A132: CAR1026 | B132: CAOD5065 | C132: 1 | D132: ODS | E132: COP | F132: 41787 | G132: 41792 | H132: 2014 | I132: EOS ARB ODS 2014-2 | J132: EOS Climate, Inc. | K132: NSF International | L132: CAOD5065-A | M132: https://thereserve2.apx.com/mymodule/reg/prjView.asp?id1=1026 | N132: 33214 | O132: ref | P132: 2011 | Q132: 0.92830022 | R132: 0 | S132: 0 | T132: 0.071699781 | U132: 0 | V132: 0 | W132: 0 | X132: 0 | AA132: 0.9291918 | AB132: 0 | AC132: 0 | AD132: 0.070808202 | AE132: 0 | AF132: 0 | AG132: 0 | AH132: 0
A133: CAR1029 | B133: CAOD5033 | C133: 1 | D133: ODS | E133: COP | F133: 41577 | G133: 41581 | H133: 2013 | I133: ECC ODS Destruction 11-2013 | J133: Environmental Credit Corp. | K133: SES, Inc. | L133: CAOD5033-A | M133: https://thereserve2.apx.com/mymodule/reg/prjView.asp?id1=1029 | N133: 113438 | O133: ref | P133: 2011 | Q133: 4.21312e-05 | R133: 0.99995787 | S133: 0 | T133: 0 | U133: 0 | V133: 0 | W133: 0 | X133: 0 | AA133: 4.15765e-05 | AB133: 0.99995842 | AC133: 0 | AD133: 0 | AE133: 0 | AF133: 0 | AG133: 0 | AH133: 0
A134: CAR1047 | B134: CAOD5036 | C134: 1 | D134: ODS | E134: COP | F134: 41656 | G134: 41661 | H134: 2014 | I134: DPC Domestic ODS Destruction Project #17 | J134: Diversified Pure Chem, LLC | K134: Ruby Canyon Engineering, Inc. | L134: CAOD5036-A | M134: https://thereserve2.apx.com/mymodule/reg/prjView.asp?id1=1047 | N134: 30587 | O134: ref | P134: 2011 | Q134: 0.99908136 | R134: 0 | S134: 0 | T134: 0.000918639 | U134: 0 | V134: 0 | W134: 0 | X134: 0 | AA134: 0.99909364 | AB134: 0 | AC134: 0 | AD134: 0.000906356 | AE134: 0 | AF134: 0 | AG134: 0 | AH134: 0
A135: CAR1051 | B135: CAOD5039 | C135: 1 | D135: ODS | E135: COP | F135: 41601 | G135: 41653 | H135: 2014 | I135: A-GAS RemTec 2013-4 | J135: Reclamation Technologies, Inc. | K135: Ruby Canyon Engineering, Inc. | L135: CAOD5039-A | M135: https://thereserve2.apx.com/mymodule/reg/prjView.asp?id1=1051 | N135: 191960 | O135: ref | P135: 2011 | Q135: 2.68927e-05 | R135: 0.99997311 | S135: 0 | T135: 0 | U135: 0 | V135: 0 | W135: 0 | X135: 0 | AA135: 2.65386e-05 | AB135: 0.99997346 | AC135: 0 | AD135: 0 | AE135: 0 | AF135: 0 | AG135: 0 | AH135: 0
... A140: CAR1072 | B140: CAOD5067 | C140: 1 | D140: ODS | E140: COP | F140: 41687 | G140: 41791 | H140: 2014 | I140: A-GAS RemTec 2014-1 | J140: Reclamation Technologies, Inc. | K140: SES, Inc. | L140: CAOD5067-A | M140: https://thereserve2.apx.com/mymodule/reg/prjView.asp?id1=1072 | N140: 129838 | O140: ref | P140: 2011 | Q140: 0.12661123 | R140: 0.85240593 | S140: 0 | T140: 9.96325e-05 | U140: 7.11039e-05 | V140: 0.020812106 | W140: 0 | X140: 0 | AA140: 0.12449786 | AB140: 0.84936077 | AC140: 0 | AD140: 9.66584e-05 | AE140: 7.22813e-05 | AF140: 0.025972423 | AG140: 0 | AH140: 0
A141: CAR1074 | B141: CAOD5073 | C141: 1 | D141: ODS | E141: COP | F141: 42510 | G141: 42516 | H141: 2016 | I141: EOS CAR 1074 | J141: EOS Climate, Inc. | K141: Ruby Canyon Engineering, Inc. | L141: CAOD5073-A | M141: https://thereserve2.apx.com/mymodule/reg/prjView.asp?id1=1074 | N141: 57134 | P141: 2011 | Q141: 0.72428905 | R141: 0 | S141: 0 | T141: 0.27548028 | U141: 0 | V141: 0 | W141: 0 | X141: 0
A142: CAR1087 | B142: CAOD5078 | C142: 1 | D142: ODS | E142: COP | F142: 42100 | G142: 42113 | H142: 2015 | I142: DPC Domestic ODS Destruction Project #21 | J142: Diversified Pure Chem, LLC | K142: SES, Inc. | L142: CAOD5078-A | M142: https://thereserve2.apx.com/mymodule/reg/prjView.asp?id1=1087 | N142: 128161 | O142: ref | P142: 2011 | Q142: 0.004123964 | R142: 0.97770026 | S142: 0 | T142: 0 | U142: 0.014720189 | V142: 0.003455587 | W142: 0 | X142: 0 | AA142: 0.004065132 | AB142: 0.97661099 | AC142: 0 | AD142: 0 | AE142: 0.015000842 | AF142: 0.004323031 | AG142: 0 | AH142: 0
A143: CAR1089 | B143: CAOD5079 | C143: 1 | D143: ODS | E143: COP | F143: 41662 | G143: 41838 | H143: 2014 | I143: A-GAS RemTec 2014-2 | J143: Reclamation Technologies, Inc. | K143: Ruby Canyon Engineering, Inc. | L143: CAOD5079-A | M143: https://thereserve2.apx.com/mymodule/reg/prjView.asp?id1=1089 | N143: 107744 | O143: ref | P143: 2011 | Q143: 0.177 | R143: 0.7291 | S143: 0.0001 | T143: 0.065 | U143: 0.0181 | V143: 0.0107 | W143: 0 | X143: 0 | AA143: 0.1748 | AB143: 0.7296 | AC143: 0.0003 | AD143: 0.0634 | AE143: 0.0185 | AF143: 0.0134 | AG143: 0 | AH143: 0
A144: CAR1093 | B144: CAOD5092 | C144: 1 | D144: ODS | E144: COP | F144: 41731 | G144: 41981 | H144: 2014 | I144: A-GAS RemTec 2014-3 | J144: Reclamation Technologies, Inc. | K144: Ruby Canyon Engineering, Inc. | L144: CAOD5092-A | M144: https://thereserve2.apx.com/mymodule/reg/prjView.asp?id1=1093 | N144: 148331 | O144: ref | P144: 2011 | Q144: 0.2434 | R144: 0.3499 | S144: 0 | T144: 0.3915 | U144: 0.0115 | V144: 0.0037 | W144: 0 | X144: 0 | AA144: 0.2431 | AB144: 0.3542 | AC144: 0.0001 | AD144: 0.386 | AE144: 0.0119 | AF144: 0.0046 | AG144: 0 | AH144: 0
A145: CAR1171 | B145: CAOD5185 | C145: 1 | D145: ODS | E145: COP | F145: 42049 | G145: 42065 | H145: 2015 | I145: A-GAS Americas 2015-1 | J145: Reclamation Technologies, Inc. | K145: Ruby Canyon Engineering, Inc. | L145: CAOD5185-A | M145: https://thereserve2.apx.com/mymodule/reg/prjView.asp?id1=1171 | N145: 134418 | O145: ref | P145: 2014 | Q145: 0 | R145: 0.9998 | S145: 0 | T145: 0.0001 | U145: 0.0001 | V145: 0 | W145: 0 | X145: 0 | AA145: 0 | AB145: 0.9998 | AC145: 0 | AD145: 0.0001 | AE145: 0.0001 | AF145: 0 | AG145: 0 | AH145: 0
A146: CAR1172 | B146: CAOD5190 | C146: 1 | D146: ODS | E146: COP | F146: 42227 | G146: 42250 | H146: 2015 | I146: DPC Domestic ODS Destruction Project #22 | J146: Diversified Pure Chem, LLC | K146: SES, Inc. | L146: CAOD5190-A | M146: https://thereserve2.apx.com/mymodule/reg/prjView.asp?id1=1172 | N146: 130995 | O146: ref | P146: 2014 | Q146: 0 | R146: 0.9998 | S146: 0 | T146: 0 | U146: 0.0001 | V146: 0.0001 | W146: 0 | X146: 0 | AA146: 0 | AB146: 0.9998 | AC146: 0 | AD146: 0 | AE146: 0.0001 | AF146: 0.0001 | AG146: 0 | AH146: 0
A147: CAR1179 | B147: CAOD5201 | C147: 1 | D147: ODS | E147: COP | F147: 41981 | G147: 42186 | H147: 2015 | I147: A-GAS RemTec 2015-2 | J147: Reclamation Technologies, Inc. | K147: SES, Inc. | L147: CAOD5201-A | M147: https://thereserve2.apx.com/mymodule/reg/prjView.asp?id1=1179 | N147: 135577 | O147: ref | P147: 2014 | Q147: 0.0002 | R147: 0.7912 | S147: 0.0004 | T147: 0.2081 | U147: 0 | V147: 0.0001 | W147: 0 | X147: 0 | AA147: 0.0002 | AB147: 0.7942 | AC147: 0.002 | AD147: 0.2034 | AE147: 0 | AF147: 0.0001 | AG147: 0 | AH147: 0
A148: CAR1182 | B148: CAOD5222 | C148: 1 | D148: ODS | E148: COP | F148: 42251 | G148: 42310 | H148: 2015 | I148: ClimeCo ODS Destruction 16 and 17 | J148: ClimeCo Corporation | K148: SCS Engineers | L148: CAOD5222-A | M148: https://thereserve2.apx.com/mymodule/reg/prjView.asp?id1=1182 | N148: 245946 | O148: ref | P148: 2014 | Q148: 0 | R148: 0.9998 | S148: 0 | T148: 0 | U148: 0.0001 | V148: 0 | W148: 0 | X148: 0 | Z148: Discrepancy: Total ghg reductions in OPDR differ from credit issuance by 9tCO2e. Ignoring. | AA148: 0 | AB148: 0.9998 | AC148: 0 | AD148: 0 | AE148: 0.0001 | AF148: 0.0001 | AG148: 0 | AH148: 0
A149: CAR1219 | B149: CAOD5260 | C149: 1 | D149: ODS | E149: COP | F149: 42327 | G149: 42363 | H149: 2015 | I149: Coolgas 2015-3 | J149: Coolgas, Inc. | K149: SES, Inc. | L149: CAOD5260-A | M149: https://thereserve2.apx.com/mymodule/reg/prjView.asp?id1=1219 | N149: 108622 | O149: ref | P149: 2014 | Q149: 9.5841e-05 | R149: 0.99982123 | S149: 0 | T149: 0 | U149: 4.87647e-05 | V149: 3.41595e-05 | W149: 0 | X149: 0 | AA149: 9.45783e-05 | AB149: 0.99981289 | AC149: 0 | AD149: 0 | AE149: 4.97494e-05 | AF149: 4.27818e-05 | AG149: 0 | AH149: 0
A150: CAR1222 | B150: CAOD5282 | C150: 1 | D150: ODS | E150: COP | F150: 42333 | G150: 42464 | H150: 2016 | I150: Coolgas 2016-1 | J150: Coolgas, Inc. | K150: Ruby Canyon Engineering, Inc. | L150: CAOD5282-A | M150: https://thereserve2.apx.com/mymodule/reg/prjView.asp?id1=1222 | N150: 145594 | O150: ref | P150: 2014 | Q150: 0.004449658 | R150: 0.95558199 | S150: 0.000194369 | T150: 7.58328e-06 | U150: 0.008389687 | V150: 0.031376716 | W150: 0 | X150: 0 | AA150: 0.004352714 | AB150: 0.94723466 | AC150: 0.000967276 | AD150: 7.3188e-06 | AE150: 0.008484413 | AF150: 0.038953619 | AG150: 0 | AH150: 0
A151: CAR1234 | B151: CAOD5334 | C151: 1 | D151: ODS | E151: COP | F151: 42488 | G151: 42490 | H151: 2016 | I151: DPC Domestic ODS Destruction Project #23 | J151: Diversified Pure Chem, LLC | K151: Ruby Canyon Engineering, Inc. | L151: CAOD5334-A | M151: https://thereserve2.apx.com/mymodule/reg/prjView.asp?id1=1234 | N151: 22548 | O151: ref | P151: 2014 | Q151: 1 | R151: 0 | S151: 0 | T151: 0 | U151: 0 | V151: 0 | W151: 0 | X151: 0 | AA151: 1 | AB151: 0 | AC151: 0 | AD151: 0 | AE151: 0 | AF151: 0 | AG151: 0 | AH151: 0
A152: CAR1235 | B152: CAOD5335 | C152: 1 | D152: ODS | E152: COP | F152: 42515 | G152: 42532 | H152: 2016 | I152: DPC Domestic ODS Destruction Project #25 | J152: Diversified Pure Chem, LLC | K152: SES, Inc. | L152: CAOD5335-A | M152: https://thereserve2.apx.com/mymodule/reg/prjView.asp?id1=1235 | N152: 101950 | O152: ref | P152: 2014 | Q152: 0.000136618 | R152: 0.99802447 | S152: 0 | T152: 0.000139346 | U152: 0.001444718 | V152: 0.000254848 | W152: 0 | X152: 0 | AA152: 0.000134807 | AB152: 0.99793661 | AC152: 0 | AD152: 0.000135659 | AE152: 0.001473775 | AF152: 0.000319149 | AG152: 0 | AH152: 0
A153: CAR1236 | B153: CAOD5336 | C153: 1 | D153: ODS | E153: COP | F153: 42436 | G153: 42511 | H153: 2016 | I153: A-Gas Americas 2016-2 | J153: Reclamation Technologies, Inc. | K153: SES, Inc. | L153: CAOD5336-A | M153: https://thereserve2.apx.com/mymodule/reg/prjView.asp?id1=1236 | N153: 181190 | O153: ref | P153: 2014 | Q153: 7.92559e-05 | R153: 0.99968886 | S153: 0 | T153: 8.79081e-06 | U153: 0.00010488 | V153: 0.000118218 | W153: 0 | X153: 0 | AA153: 7.821e-05 | AB153: 0.99965818 | AC153: 0 | AD153: 8.55871e-06 | AE153: 0.000106996 | AF153: 0.000148054 | AG153: 0 | AH153: 0
A154: CAR1239 | B154: CAOD5339 | C154: 1 | D154: ODS | E154: COP | F154: 42464 | G154: 42619 | H154: 2016 | I154: Coolgas 2016-3 | J154: Coolgas, Inc. | K154: Ruby Canyon Engineering, Inc. | L154: CAOD5339-A | M154: https://thereserve2.apx.com/mymodule/reg/prjView.asp?id1=1239 | N154: 133239 | O154: ref | P154: 2014 | Q154: 0.000247309 | R154: 0.17660761 | S154: 0 | T154: 0.000368634 | U154: 0.82275487 | V154: 2.15785e-05 | W154: 0 | X154: 0 | AA154: 0.000240064 | AB154: 0.17372137 | AC154: 0 | AD154: 0.000353046 | AE154: 0.82565894 | AF154: 2.65838e-05 | AG154: 0 | AH154: 0
A155: CAR1240 | B155: CAOD5340 | C155: 1 | D155: ODS | E155: COP | F155: 42663 | G155: 42679 | H155: 2016 | I155: A-Gas O'Hare | J155: Reclamation Technologies, Inc. | K155: SCS Engineers | L155: CAOD5340-A | M155: https://thereserve2.apx.com/mymodule/reg/prjView.asp?id1=1240 | N155: 111348 | O155: ref | P155: 2014 | Q155: 5.62103e-05 | R155: 0.001766322 | S155: 0 | T155: 0 | U155: 0.99817747 | V155: 0 | W155: 0 | X155: 0 | AA155: 5.43738e-05 | AB155: 0.001731408 | AC155: 0 | AD155: 0 | AE155: 0.99821422 | AF155: 0 | AG155: 0 | AH155: 0
A156: CAR1242 | B156: CAOD5290 | C156: 1 | D156: ODS | E156: COP | F156: 42656 | G156: 42660 | H156: 2016 | I156: Perfect Cycle ODS-2 | J156: Perfect Score Technologies, LLC | K156: SES, Inc. | L156: CAOD5290-A | M156: https://thereserve2.apx.com/mymodule/reg/prjView.asp?id1=1242 | N156: 42233 | O156: ref | P156: 2014 | Q156: 0.000167743 | R156: 0.99876321 | S156: 0 | T156: 0.000713091 | U156: 7.48432e-05 | V156: 0.000281113 | W156: 0 | X156: 0 | AA156: 0.000165526 | AB156: 0.99871182 | AC156: 0 | AD156: 0.000694249 | AE156: 7.63513e-05 | AF156: 0.000352054 | AG156: 0 | AH156: 0
A157: CAR1243 | B157: CAOD5287 | C157: 1 | D157: ODS | E157: COP | F157: 42677 | G157: 42679 | H157: 2016 | I157: DPC Domestic ODS Destruction Project #27 | J157: Diversified Pure Chem, LLC | K157: Ruby Canyon Engineering, Inc. | L157: CAOD5287-A | M157: https://thereserve2.apx.com/mymodule/reg/prjView.asp?id1=1243 | N157: 54382 | O157: ref | P157: 2014 | Q157: 0.9835086 | R157: 0 | S157: 0 | T157: 0.016491396 | U157: 0 | V157: 0 | W157: 0 | X157: 0 | AA157: 0.98372571 | AB157: 0 | AC157: 0 | AD157: 0.016274292 | AE157: 0 | AF157: 0 | AG157: 0 | AH157: 0
A158: CAR1244 | B158: CAOD5288 | C158: 1 | D158: ODS | E158: COP | F158: 42822 | G158: 42845 | H158: 2017 | I158: DPC Domestic ODS Destruction Project #26 | J158: Diversified Pure Chem, LLC | K158: S&A Carbon, LLC | L158: CAOD5288-A | M158: https://thereserve2.apx.com/mymodule/reg/prjView.asp?id1=1244 | N158: 110990 | O158: ref | P158: 2014 | Q158: 4.6422e-05 | R158: 0.99964742 | S158: 0 | T158: 0 | U158: 0.000110467 | V158: 0.000195695 | W158: 0 | X158: 0 | AA158: 4.58085e-05 | AB158: 0.99959642 | AC158: 0 | AD158: 0 | AE158: 0.000112693 | AF158: 0.000245081 | AG158: 0 | AH158: 0
A159: CAR1248 | B159: CAOD5348 | C159: 1 | D159: ODS | E159: COP | F159: 42641 | G159: 42766 | H159: 2017 | I159: Coolgas 2016-4 | J159: Coolgas, Inc. | K159: Ruby Canyon Engineering, Inc. | L159: CAOD5348-A | M159: https://thereserve2.apx.com/mymodule/reg/prjView.asp?id1=1248 | N159: 96564 | O159: ref | P159: 2014 | Q159: 0.030478586 | R159: 0.62816593 | S159: 0.000132482 | T159: 0.30158892 | U159: 0.019986598 | V159: 0.019647487 | W159: 0 | X159: 0 | AA159: 0.03015144 | AB159: 0.62971449 | AC159: 0.000666744 | AD159: 0.29435908 | AE159: 0.020440645 | AF159: 0.024667606 | AG159: 0 | AH159: 0
A160: CAR1249 | B160: CAOD5298 | C160: 1 | D160: ODS | E160: COP | F160: 42681 | G160: 42748 | H160: 2017 | I160: A-Gas Americas 2017-1 | J160: Reclamation Technologies, Inc. | K160: SCS Engineers | L160: CAOD5298-A | M160: https://thereserve2.apx.com/mymodule/reg/prjView.asp?id1=1249 | N160: 141207 | O160: ref | P160: 2014 | Q160: 8.24579e-05 | R160: 0.96521646 | S160: 3.88476e-06 | T160: 0.000978172 | U160: 0.001464329 | V160: 0.032254696 | W160: 0 | X160: 0 | AA160: 8.07136e-05 | AB160: 0.95740393 | AC160: 1.9345e-05 | AD160: 0.000944666 | AE160: 0.00148182 | AF160: 0.04006952 | AG160: 0 | AH160: 0
... A208: CAR1498 | B208: CAOD6498 | C208: 1 | D208: ODS | E208: COP | F208: 44418 | G208: 44531 | H208: 2021 | I208: A-Gas 4-2021 | J208: A-Gas US, Inc. | K208: SES, Inc. | L208: CAOD6498-A | M208: https://thereserve2.apx.com/mymodule/reg/prjView.asp?id1=1498 | N208: 60731 | O208: ref | P208: 2014 | Q208: 0.010492481 | R208: 0.72684969 | S208: 0 | T208: 0.2516536 | U208: 6.69417e-05 | V208: 0.010937296 | W208: 0 | X208: 0 | AA208: 0.010396049 | AB208: 0.72977811 | AC208: 0 | AD208: 0.24600397 | AE208: 6.85692e-05 | AF208: 0.013753299 | AG208: 0 | AH208: 0
...

Sheet template_lb
C1: Mass ODS (lb) | D1: CFC-11 (mass%) | E1: CFC-12 (mass%) | F1: CFC-13 (mass%) | G1: CFC-113 (mass%) | H1: CFC-114 (mass%) | I1: CFC-115 (mass%) | J1: HCFC-22 (mass%) | K1: HCFC-141b (mass%)
B2: 1 | C2: 6570 | D2: 0.18 | E2: 77.9 | F2: 0 | G2: 0.07 | H2: 5.11 | I2: 4.7 | J2: 0 | K2: 0
B3: 2 | C3: 5700 | D3: 0.3 | E3: 82.23 | F3: 0 | G3: 0.04 | H3: 1.11 | I3: 5.56 | J3: 0 | K3: 0
B4: 3 | C4: 4186 | D4: 0.27 | E4: 93.49 | F4: 0 | G4: 0.41 | H4: 0.64 | I4: 1.49 | J4: 0 | K4: 0
B5: 4 | C5: 7290 | D5: 0.01 | E5: 0.1 | F5: 0 | G5: 99.78 | H5: 0.01 | I5: 0.02 | J5: 0 | K5: 0
B6: 5
B72: 114329 | C72: =sum(D72:K72) -> 22180.938 | D72: =SUMPRODUCT((D2:D70/100)*$C2:$C70) -> 40.9572 | E72: =SUMPRODUCT((E2:E70/100)*$C2:$C70) -> 13725.921 | F72: =SUMPRODUCT((F2:F70/100)*$C2:$C70) -> 0 | G72: =SUMPRODUCT((G2:G70/100)*$C2:$C70) -> 7298.0036 | H72: =SUMPRODUCT((H2:H70/100)*$C2:$C70) -> 426.5164 | I72: =SUMPRODUCT((I2:I70/100)*$C2:$C70) -> 689.5394 | J72: =SUMPRODUCT((J2:J70/100)*$C2:$C70) -> 0 | K72: =SUMPRODUCT((K2:K70/100)*$C2:$C70) -> 0
A73: Q_refr,i | B73: mass eligible ods sent for destruction (mtODS) | C73: =sum(D73:K73) -> 10.061052 | D73: =D72*0.00045359 -> 0.018577776 | E73: =E72*0.00045359 -> 6.2259407 | F73: =F72*0.00045359 -> 0 | G73: =G72*0.00045359 -> 3.3103015 | H73: =H72*0.00045359 -> 0.19346357 | I73: =I72*0.00045359 -> 0.31276818 | J73: =J72*0.00045359 -> 0 | K73: =K72*0.00045359 -> 0
B75: project baseline emissions (mtco2e) | C75: 15105
A76: BE (Eq 5.2) | B76: project baseline emissions (mtCO2e) | C76: =sum(C78) -> 85523.293
A78: BE_refr (Eq 5.3) | B78: mass baseline emissions from regrigerant ODS (mtCO2e) | C78: =sum(D78:K78) -> 85523.293 | D78: =D73*D79*D80 -> 78.53755 | E78: =E73*E79*E80 -> 64469.616 | F78: =F73*F79*F80 -> 0 | G78: =G73*G79*G80 -> 18060.012 | H78: =H73*H79*H80 -> 1509.0159 | I78: =I73*I79*I80 -> 1406.1119 | J78: =J73*J79*J80 -> 0 | K78: =K73*K79*K80 -> 0
A79: ER_refr,i (Table B.1) | B79: 10-year cumulative emission rate for refrigerant ODS (..) | D79: 0.89 | E79: 0.95 | F79: 0.61 | G79: 0.89 | H79: 0.78 | I79: 0.61
A80: GWP_i (Table B.1) | B80: GWP ODS (mtCO2e / mtODS) | D80: 4750 | E80: 10900 | F80: 14400 | G80: 6130 | H80: 10000 | I80: 7370 | J80: 1810 | K80: 725
B82: project emissions (mtco2e) | C82: 5540
A83: PE (Eq 5.5) | B83: project emissions (mtco2e) | C83: =sum(C85, C88) -> 5562.5978
A85: Sub_ref (Eq 5.6) | B85: total ghg emissions from sub refrigerant (mtCO2e) | C85: =sum(D85:K85) -> 5487.1399 | D85: =D73*D86 -> 4.1428441 | E85: =E73*E86 -> 4270.9953 | F85: =F73*F86 -> 0 | G85: =G73*G86 -> 728.26632 | H85: =H73*H86 -> 127.4925 | I85: =I73*I86 -> 356.24295 | J85: =J73*J86 -> 0 | K85: =K73*K86 -> 0
A86: SE_i | B86: substitute emissions (tco2e / tODS) | D86: 223 | E86: 686 | F86: 7144 | G86: 220 | H86: 659 | I86: 1139
A88: Tr + Dest (Eq 5.8) | B88: Total GHG emissions from transport of ODS (mtCO2e) | C88: =C89*C90 -> 75.457888 | D88: =D89*$C90 -> 0.13933332 | E88: =E89*$C90 -> 46.694555 | F88: =F89*$C90 -> 0 | G88: =G89*$C90 -> 24.827261 | H88: =H89*$C90 -> 1.4509768 | I88: =I89*$C90 -> 2.3457613 | J88: =J89*$C90 -> 0 | K88: =K89*$C90 -> 0
A89: Q_totalODS | B89: total mass of ods sent for destruction | C89: =C73 -> 10.061052 | D89: =D73 -> 0.018577776 | E89: =E73 -> 6.2259407 | F89: =F73 -> 0 | G89: =G73 -> 3.3103015 | H89: =H73 -> 0.19346357 | I89: =I73 -> 0.31276818 | J89: =J73 -> 0 | K89: =K73 -> 0
A90: EF_T&D | B90: default emission factor for refrigernat or extracted ODS blowing agent | C90: 7.5
B93: total reductions (mtco2e) | C93: 79565
B94: total reductions (mtco2e) | C94: =C78-C85-C88 -> 79960.695 | D94: =D78-D85-D88 -> 74.255372 | E94: =E78-E85-E88 -> 60151.926 | F94: =F78-F85-F88 -> 0 | G94: =G78-G85-G88 -> 17306.918 | H94: =H78-H85-H88 -> 1380.0724 | I94: =I78-I85-I88 -> 1047.5232 | J94: =J78-J85-J88 -> 0 | K94: =K78-K85-K88 -> 0
B95: credit replication diff (%) | C95: =abs(C94-C93)/C93 -> 0.004973229
B96: contribution ratio — project approach | C96: =sum(D96:K96) -> 1 | D96: =D94/$C94 -> 0.00092864841 | E96: =E94/$C94 -> 0.75226867 | F96: =F94/$C94 -> 0 | G96: =G94/$C94 -> 0.21644282 | H96: =H94/$C94 -> 0.017259385 | I96: =I94/$C94 -> 0.013100476 | J96: =J94/$C94 -> 0 | K96: =K94/$C94 -> 0
B97: contribution ratio — atmosphere approach | C97: =sum(D97:K97) -> 1 | D97: =(D78*($C93/$C78))/$C93 -> 0.00091831765 | E97: =(E78*($C93/$C78))/$C93 -> 0.75382523 | F97: =(F78*($C93/$C78))/$C93 -> 0 | G97: =(G78*($C93/$C78))/$C93 -> 0.21117068 | H97: =(H78*($C93/$C78))/$C93 -> 0.017644502 | I97: =(I78*($C93/$C78))/$C93 -> 0.016441274 | J97: =(J78*($C93/$C78))/$C93 -> 0 | K97: =(K78*($C93/$C78))/$C93 -> 0

Sheet template_kg
C1: Mass ODS (kg) | D1: CFC-11 (mass%) | E1: CFC-12 (mass%) | F1: CFC-13 (mass%) | G1: CFC-113 (mass%) | H1: CFC-114 (mass%) | I1: CFC-115 (mass%) | J1: HCFC-22 (mass%) | K1: HCFC-141b (mass%)
B2: 1 | C2: 13221 | D2: 16.25 | E2: 66.57 | F2: 0 | G2: 0 | H2: 3.52 | I2: 1.22 | J2: 0 | K2: 0
B3: 2 | C3: 9904 | D3: 0.02 | E3: 97.01 | F3: 0 | G3: 0 | H3: 0 | I3: 0.01 | J3: 0 | K3: 0
B4: 3 | C4: 12162 | D4: 0.05 | E4: 98.86 | F4: 0 | G4: 0.01 | H4: 0 | I4: 0.01 | J4: 0 | K4: 0
B5: 4
B6: 5
B23: mass eligible ods sent for destruction (kgODS) | C23: =sum(D23:K23) -> 33219.016 | D23: =SUMPRODUCT((D2:D21/100)*$C2:$C21) -> 2156.4743 | E23: =SUMPRODUCT((E2:E21/100)*$C2:$C21) -> 30432.443 | F23: =SUMPRODUCT((F2:F21/100)*$C2:$C21) -> 0 | G23: =SUMPRODUCT((G2:G21/100)*$C2:$C21) -> 1.2162 | H23: =SUMPRODUCT((H2:H21/100)*$C2:$C21) -> 465.3792 | I23: =SUMPRODUCT((I2:I21/100)*$C2:$C21) -> 163.5028 | J23: =SUMPRODUCT((J2:J21/100)*$C2:$C21) -> 0 | K23: =SUMPRODUCT((K2:K21/100)*$C2:$C21) -> 0
A24: Q_refr,i | B24: mass eligible ods sent for destruction (mtODS) | C24: =sum(D24:K24) -> 33.219016 | D24: =D23*0.001 -> 2.1564743 | E24: =E23*0.001 -> 30.432443 | F24: =F23*0.001 -> 0 | G24: =G23*0.001 -> 0.0012162 | H24: =H23*0.001 -> 0.4653792 | I24: =I23*0.001 -> 0.1635028 | J24: =J23*0.001 -> 0 | K24: =K23*0.001 -> 0
B26: project baseline emissions (mtco2e) | C26: 306517
A27: BE (Eq 5.2) | B27: project baseline emissions (mtCO2e) | C27: =sum(C29) -> 328616.1
A29: BE_refr (Eq 5.3) | B29: mass baseline emissions from regrigerant ODS (mtCO2e) | C29: =sum(D29:K29) -> 328616.1 | D29: =D24*D31*D30 -> 9116.4951 | E29: =E24*E31*E30 -> 315127.95 | F29: =F24*F31*F30 -> 0 | G29: =G24*G31*G30 -> 6.6352223 | H29: =H24*H31*H30 -> 3629.9578 | I29: =I24*I31*I30 -> 735.05954 | J29: =J24*J31*J30 -> 0 | K29: =K24*K31*K30 -> 0
A30: GWP_i (Table 5.1) | B30: GWP ODS (mtCO2e / mtODS) | D30: 4750 | E30: 10900 | F30: 14400 | G30: 6130 | H30: 10000 | I30: 7370 | J30: 1810 | K30: 725
A31: ER_refr,i (Table 5.2) | B31: 10-year cumulative emission rate for refrigerant ODS (..) | D31: 0.89 | E31: 0.95 | F31: 0.61 | G31: 0.89 | H31: 0.78 | I31: 0.61
B33: project emissions (mtco2e) | C33: 22100
A34: PE (Eq 5.5) | B34: project emissions (mtco2e) | C34: =sum(C36,C39) -> 22099.875
A36: Sub_ref (Eq 5.6) | B36: total ghg emissions from sub refrigerant (mtCO2e) | C36: =sum(D36:K36) -> 21850.732 | D36: =D24*D37 -> 480.89377 | E36: =E24*E37 -> 20876.656 | F36: =F24*F37 -> 0 | G36: =G24*G37 -> 0.267564 | H36: =H24*H37 -> 306.68489 | I36: =I24*I37 -> 186.22969 | J36: =J24*J37 -> 0 | K36: =K24*K37 -> 0
A37: SE_i (Table 5.4) | B37: substitute emissions (tco2e / tODS) | D37: 223 | E37: 686 | F37: 7144 | G37: 220 | H37: 659 | I37: 1139
A39: Tr + Dest (Eq 5.8) | B39: Total GHG emissions from transport of ODS (mtCO2e) | C39: =C40*C41 -> 249.14262 | D39: =D40*$C41 -> 16.173557 | E39: =E40*$C41 -> 228.24332 | F39: =F40*$C41 -> 0 | G39: =G40*$C41 -> 0.0091215 | H39: =H40*$C41 -> 3.490344 | I39: =I40*$C41 -> 1.226271 | J39: =J40*$C41 -> 0 | K39: =K40*$C41 -> 0
A40: Q_totalODS | B40: total mass of ods sent for destruction | C40: =C24 -> 33.219016 | D40: =D24 -> 2.1564743 | E40: =E24 -> 30.432443 | F40: =F24 -> 0 | G40: =G24 -> 0.0012162 | H40: =H24 -> 0.4653792 | I40: =I24 -> 0.1635028 | J40: =J24 -> 0 | K40: =K24 -> 0
A41: EF_T&D | B41: default emission factor for refrigernat or extracted ODS blowing agent | C41: 7.5
B44: total reductions (mtco2e) | C44: 328617
B45: total reductions (mtco2e) | C45: =C29-C36-C39 -> 306516.22 | D45: =D29-D36-D39 -> 8619.4278 | E45: =E29-E36-E39 -> 294023.05 | F45: =F29-F36-F39 -> 0 | G45: =G29-G36-G39 -> 6.3585368 | H45: =H29-H36-H39 -> 3319.7825 | I45: =I29-I36-I39 -> 547.60358 | J45: =J29-J36-J39 -> 0 | K45: =K29-K36-K39 -> 0
B46: credit replication diff (%) | C46: =abs(C45-C44)/C44 -> 0.067253905
B47: contribution ratio | C47: =sum(D47:K47) -> 1 | D47: =D45/$C45 -> 0.028120625 | E47: =E45/$C45 -> 0.9592414 | F47: =F45/$C45 -> 0 | G47: =G45/$C45 -> 2.0744536e-05 | H47: =H45/$C45 -> 0.010830691 | I47: =I45/$C45 -> 0.0017865403 | J47: =J45/$C45 -> 0 | K47: =K45/$C45 -> 0
B48: contribution ratio — atmosphere approach | C48: =sum(D48:K48) -> 1 | D48: =(D29*($C44/$C29))/$C44 -> 0.027742083 | E48: =(E29*($C44/$C29))/$C44 -> 0.9589547 | F48: =(F29*($C44/$C29))/$C44 -> 0 | G48: =(G29*($C44/$C29))/$C44 -> 2.019141e-05 | H48: =(H29*($C44/$C29))/$C44 -> 0.011046196 | I48: =(I29*($C44/$C29))/$C44 -> 0.0022368336 | J48: =(J29*($C44/$C29))/$C44 -> 0 | K48: =(K29*($C44/$C29))/$C44 -> 0

Sheet weighted_avgs
B1: CFC-11 | C1: CFC-12 | D1: CFC-13 | E1: CFC-113 | F1: CFC-114 | G1: CFC-115 | H1: HCFC-22 | I1: HCFC-141b
A3: COP - ratio project approach | B3: =SUMPRODUCT(ods_project_ids!$N2:$N216,ods_project_ids!Q2:Q216)/SUM(ods_project_ids!$N2:$N216) -> 0.16841779 | C3: =SUMPRODUCT(ods_project_ids!$N2:$N216,ods_project_ids!R2:R216)/SUM(ods_project_ids!$N2:$N216) -> 0.7258349 | D3: =SUMPRODUCT(ods_project_ids!$N2:$N216,ods_project_ids!S2:S216)/SUM(ods_project_ids!$N2:$N216) -> 0.00053785558 | E3: =SUMPRODUCT(ods_project_ids!$N2:$N216,ods_project_ids!T2:T216)/SUM(ods_project_ids!$N2:$N216) -> 0.061297343 | F3: =SUMPRODUCT(ods_project_ids!$N2:$N216,ods_project_ids!U2:U216)/SUM(ods_project_ids!$N2:$N216) -> 0.037637904 | G3: =SUMPRODUCT(ods_project_ids!$N2:$N216,ods_project_ids!V2:V216)/SUM(ods_project_ids!$N2:$N216) -> 0.0041980319 | H3: =SUMPRODUCT(ods_project_ids!$N2:$N216,ods_project_ids!W2:W216)/SUM(ods_project_ids!$N2:$N216) -> -3.1320514e-10 | I3: =SUMPRODUCT(ods_project_ids!$N2:$N216,ods_project_ids!X2:X216)/SUM(ods_project_ids!$N2:$N216) -> 0
A4: COP - ratio atmosphere approach | B4: =SUMPRODUCT(ods_project_ids!$N2:$N216,ods_project_ids!AA2:AA216)/SUM(ods_project_ids!$N2:$N216) -> 0.16863733 | C4: =SUMPRODUCT(ods_project_ids!$N2:$N216,ods_project_ids!AB2:AB216)/SUM(ods_project_ids!$N2:$N216) -> 0.72086085 | D4: =SUMPRODUCT(ods_project_ids!$N2:$N216,ods_project_ids!AC2:AC216)/SUM(ods_project_ids!$N2:$N216) -> 0.0018946632 | E4: =SUMPRODUCT(ods_project_ids!$N2:$N216,ods_project_ids!AD2:AD216)/SUM(ods_project_ids!$N2:$N216) -> 0.060337314 | F4: =SUMPRODUCT(ods_project_ids!$N2:$N216,ods_project_ids!AE2:AE216)/SUM(ods_project_ids!$N2:$N216) -> 0.038304377 | G4: =SUMPRODUCT(ods_project_ids!$N2:$N216,ods_project_ids!AF2:AF216)/SUM(ods_project_ids!$N2:$N216) -> 0.0051084628 | H4: =SUMPRODUCT(ods_project_ids!$N2:$N216,ods_project_ids!AG2:AG216)/SUM(ods_project_ids!$N2:$N216) -> 0 | I4: =SUMPRODUCT(ods_project_ids!$N2:$N216,ods_project_ids!AH2:AH216)/SUM(ods_project_ids!$N2:$N216) -> 0
A6: ALL - ratio project approach | B6: =SUMPRODUCT(ods_project_ids!$N2:$N303, ods_project_ids!Q2:Q303, --(ods_project_ids!$Y2:$Y303<>"yes")) /SUMPRODUCT(ods_project_ids!$N2:$N303, --(ods_project_ids!$Y2:$Y303<>"yes")) -> 0.16576485 | C6: =SUMPRODUCT(ods_project_ids!$N2:$N303, ods_project_ids!R2:R303, --(ods_project_ids!$Y2:$Y303<>"yes")) /SUMPRODUCT(ods_project_ids!$N2:$N303, --(ods_project_ids!$Y2:$Y303<>"yes")) -> 0.74663179 | D6: =SUMPRODUCT(ods_project_ids!$N2:$N303, ods_project_ids!S2:S303, --(ods_project_ids!$Y2:$Y303<>"yes")) /SUMPRODUCT(ods_project_ids!$N2:$N303, --(ods_project_ids!$Y2:$Y303<>"yes")) -> 0.00044114044 | E6: =SUMPRODUCT(ods_project_ids!$N2:$N303, ods_project_ids!T2:T303, --(ods_project_ids!$Y2:$Y303<>"yes")) /SUMPRODUCT(ods_project_ids!$N2:$N303, --(ods_project_ids!$Y2:$Y303<>"yes")) -> 0.050275088 | F6: =SUMPRODUCT(ods_project_ids!$N2:$N303, ods_project_ids!U2:U303, --(ods_project_ids!$Y2:$Y303<>"yes")) /SUMPRODUCT(ods_project_ids!$N2:$N303, --(ods_project_ids!$Y2:$Y303<>"yes")) -> 0.033253961 | G6: =SUMPRODUCT(ods_project_ids!$N2:$N303, ods_project_ids!V2:V303, --(ods_project_ids!$Y2:$Y303<>"yes")) /SUMPRODUCT(ods_project_ids!$N2:$N303, --(ods_project_ids!$Y2:$Y303<>"yes")) -> 0.0036213253 | H6: =SUMPRODUCT(ods_project_ids!$N2:$N303, ods_project_ids!W2:W303, --(ods_project_ids!$Y2:$Y303<>"yes")) /SUMPRODUCT(ods_project_ids!$N2:$N303, --(ods_project_ids!$Y2:$Y303<>"yes")) -> -2.5688578e-10 | I6: =SUMPRODUCT(ods_project_ids!$N2:$N303, ods_project_ids!X2:X303, --(ods_project_ids!$Y2:$Y303<>"yes")) /SUMPRODUCT(ods_project_ids!$N2:$N303, --(ods_project_ids!$Y2:$Y303<>"yes")) -> 0
A7: EA - ratio project approach | B7: =SUMPRODUCT(ods_project_ids!$N217:$N303, ods_project_ids!Q217:Q303, --(ods_project_ids!$Y217:$Y303<>"yes")) /SUMPRODUCT(ods_project_ids!$N217:$N303, --(ods_project_ids!$Y217:$Y303<>"yes")) -> 0.15223209 | C7: =SUMPRODUCT(ods_project_ids!$N217:$N303, ods_project_ids!R217:R303, --(ods_project_ids!$Y217:$Y303<>"yes")) /SUMPRODUCT(ods_project_ids!$N217:$N303, --(ods_project_ids!$Y217:$Y303<>"yes")) -> 0.83364905 | D7: =SUMPRODUCT(ods_project_ids!$N217:$N303, ods_project_ids!S217:S303, --(ods_project_ids!$Y217:$Y303<>"yes")) /SUMPRODUCT(ods_project_ids!$N217:$N303, --(ods_project_ids!$Y217:$Y303<>"yes")) -> 0 | E7: =SUMPRODUCT(ods_project_ids!$N217:$N303, ods_project_ids!T217:T303, --(ods_project_ids!$Y217:$Y303<>"yes")) /SUMPRODUCT(ods_project_ids!$N217:$N303, --(ods_project_ids!$Y217:$Y303<>"yes")) -> 0 | F7: =SUMPRODUCT(ods_project_ids!$N217:$N303, ods_project_ids!U217:U303, --(ods_project_ids!$Y217:$Y303<>"yes")) /SUMPRODUCT(ods_project_ids!$N217:$N303, --(ods_project_ids!$Y217:$Y303<>"yes")) -> 0.013134218 | G7: =SUMPRODUCT(ods_project_ids!$N217:$N303, ods_project_ids!V217:V303, --(ods_project_ids!$Y217:$Y303<>"yes")) /SUMPRODUCT(ods_project_ids!$N217:$N303, --(ods_project_ids!$Y217:$Y303<>"yes")) -> 0.00098159758 | H7: =SUMPRODUCT(ods_project_ids!$N217:$N303, ods_project_ids!W217:W303, --(ods_project_ids!$Y217:$Y303<>"yes")) /SUMPRODUCT(ods_project_ids!$N217:$N303, --(ods_project_ids!$Y217:$Y303<>"yes")) -> 0 | I7: =SUMPRODUCT(ods_project_ids!$N217:$N303, ods_project_ids!X217:X303, --(ods_project_ids!$Y217:$Y303<>"yes")) /SUMPRODUCT(ods_project_ids!$N217:$N303, --(ods_project_ids!$Y217:$Y303<>"yes")) -> 0

Sheet ea_projects
A1: project_id | B1: carb_issuance_id | C1: reporting_period | D1: ratio_CFC-11 | E1: ratio_CFC-12 | F1: ratio_CFC-13 | G1: ratio_CFC-113 | H1: ratio_CFC-114 | I1: ratio_CFC-115 | J1: ratio_HCFC-22 | K1: ratio_HCFC-141b | L1: drop | M1: assumption_tier | N1: document_name | O1: composition_basis | P1: total_weight_lb | Q1: eligible_weight_lb | R1: cfc-11_pct | S1: cfc-12_pct | T1: cfc-13_pct | U1: cfc-113_pct | V1: cfc-114_pct | W1: cfc-115_pct | X1: hcfc-22_pct | Y1: hcfc-141b_pct | Z1: er_tco2e_report | AA1: credits_issued | AB1: er_match | AC1: notes
A2: ACR183 | B2: CAOD0061-A | C2: 1 | E2: 0.9996 | H2: 8e-05 | I2: 0.00032 | M2: A_lab | N2: ACR183 DPC Project #12 Verification Report_Final_revised.pdf | O2: lab_pct | P2: 9300 | Q2: 9093 | S2: 97.47 | V2: 0.01 | W2: 0.09 | Z2: 38517 | AA2: 38517 | AB2: yes | AC2: Lab analysis by National Refrigerants Inc (AHRI-certified): Section 3.1 (total material; eligible material destroyed) '97.47% R-12, 0.01% R-114 and 0.09% R-115'. Section 3.7.2.
A3: ACR184 | B3: CAOD0072-A | C3: 1 | E3: 1 | M3: B_single | N3: VerifReport-EOS-ACR184 RP1_Final_2013-11-05.pdf | O3: purity_gt90 | P3: 30600 | Z3: 126977 | AA3: 126977 | AB3: yes | AC3: 30,600 lb concentrated R-12 (single event, ISO SECU 1220724), destroyed at Clean Harbors El Dorado AR. 'met the 90% purity standard (single species of ODS greater than 90% purity)' — no lab percentages in OVR. AHRI-700-2006 lab, GC/MS. Verifier: NSF-ISR.
A4: ACR184 | B4: CAOD0072-B | C4: 2 | E4: 1 | M4: B_single | N4: VerifReport-EOS-ACR184 P2_2013-11-08.pdf | O4: purity_gt90 | P4: 29540 | Z4: 122048 | AA4: 122048 | AB4: yes | AC4: 29,540 lb concentrated R-12 (single event, ISO SECU 1250502) aggregated at Hudson Technologies from JACO Environmental + 5 suppliers; destroyed at Clean Harbors El Dorado AR. No lab percentages in OVR; material 'met the 90% purity standard (single species of ODS greater than 90% purity)' i.e. R-12 >90%. AHRI-700-2006 lab, GC/MS. ER: 122,048 (baseline 131,994 - project 9,946). Verifier: NSF-ISR.; crediting numbers replicated assuming ~95 percent of material is CFC-12
A5: CAR604 | B5: CAOD0016-C | C5: 1 | E5: 1 | M5: B_single | N5: Project Verification Report -ODS- Project EOS-JA-09-01 2010-04-27.pdf | O5: purity_gt90 | P5: 58730 | Z5: 252970 | AA5: 72960 | AB5: no | AC5: Two destruction events; 58,730 lb of 'mostly refrigerant R-12'. Half-ton cylinders from Jaco Environmental reclaimed by Hudson Technologies (impurities removed), shipped in bulk ISO containers to Clean Harbors El Dorado AR. Lab (AHRI, GC): 'refrigerant in each container was more than 90% CFC-12 by weight.' Report ER 252,970 vs spreadsheet credits 252,960 — 10 tCO2e difference. Verifier: NSF. [Credit issuance 1 of 3 for this RP; RP total 252,960; er_match compares report ER to RP total.]
A6: CAR604 | B6: CAOD0016-C2 | C6: 1 | E6: 1 | M6: B_single | N6: Project Verification Report -ODS- Project EOS-JA-09-01 2010-04-27.pdf | O6: purity_gt90 | P6: 58730 | Z6: 252970 | AA6: 105000 | AB6: no | AC6: Two destruction events; 58,730 lb of 'mostly refrigerant R-12'. Half-ton cylinders from Jaco Environmental reclaimed by Hudson Technologies (impurities removed), shipped in bulk ISO containers to Clean Harbors El Dorado AR. Lab (AHRI, GC): 'refrigerant in each container was more than 90% CFC-12 by weight.' Report ER 252,970 vs spreadsheet credits 252,960 — 10 tCO2e difference. Verifier: NSF. [Credit issuance 2 of 3 for this RP; RP total 252,960; er_match compares report ER to RP total.]
A7: CAR604 | B7: CAOD0016-C3 | C7: 1 | E7: 1 | M7: B_single | N7: Project Verification Report -ODS- Project EOS-JA-09-01 2010-04-27.pdf | O7: purity_gt90 | P7: 58730 | Z7: 252970 | AA7: 75000 | AB7: no | AC7: Two destruction events; 58,730 lb of 'mostly refrigerant R-12'. Half-ton cylinders from Jaco Environmental reclaimed by Hudson Technologies (impurities removed), shipped in bulk ISO containers to Clean Harbors El Dorado AR. Lab (AHRI, GC): 'refrigerant in each container was more than 90% CFC-12 by weight.' Report ER 252,970 vs spreadsheet credits 252,960 — 10 tCO2e difference. Verifier: NSF. [Credit issuance 3 of 3 for this RP; RP total 252,960; er_match compares report ER to RP total.]
A8: CAR604 | B8: CAOD0016-D | C8: 2 | E8: 1 | M8: B_single | N8: Project Verification Report -ODS- Project EOS-JA-09-01 Period 2 07-11-2010 final #2.pdf | O8: purity_gt90 | P8: 62640 | Z8: 250678 | AA8: 192040 | AB8: no | AC8: Two destruction events; 62,640 lb of 'mostly refrigerant R-12'; lab: 'more than 90% CFC-12 by weight' in each container. Same chain as RP1 (Jaco → Hudson → Clean Harbors). MISMATCH: report ER 250,678 vs spreadsheet credits 238,980 (diff 11,698) — possibly partial issuance. Verifier: NSF. [Credit issuance 1 of 4 for this RP; RP total 238,980; er_match compares report ER to RP total.]
A9: CAR604 | B9: CAOD0016-D2 | C9: 2 | E9: 1 | M9: B_single | N9: Project Verification Report -ODS- Project EOS-JA-09-01 Period 2 07-11-2010 final #2.pdf | O9: purity_gt90 | P9: 62640 | Z9: 250678 | AA9: 11940 | AB9: no | AC9: Two destruction events; 62,640 lb of 'mostly refrigerant R-12'; lab: 'more than 90% CFC-12 by weight' in each container. Same chain as RP1 (Jaco → Hudson → Clean Harbors). MISMATCH: report ER 250,678 vs spreadsheet credits 238,980 (diff 11,698) — possibly partial issuance. Verifier: NSF. [Credit issuance 2 of 4 for this RP; RP total 238,980; er_match compares report ER to RP total.]
A10: CAR604 | B10: CAOD0016-D3 | C10: 2 | E10: 1 | M10: B_single | N10: Project Verification Report -ODS- Project EOS-JA-09-01 Period 2 07-11-2010 final #2.pdf | O10: purity_gt90 | P10: 62640 | Z10: 250678 | AA10: 25000 | AB10: no | AC10: Two destruction events; 62,640 lb of 'mostly refrigerant R-12'; lab: 'more than 90% CFC-12 by weight' in each container. Same chain as RP1 (Jaco → Hudson → Clean Harbors). MISMATCH: report ER 250,678 vs spreadsheet credits 238,980 (diff 11,698) — possibly partial issuance. Verifier: NSF. [Credit issuance 3 of 4 for this RP; RP total 238,980; er_match compares report ER to RP total.]
A11: CAR604 | B11: CAOD0016-D4 | C11: 2 | E11: 1 | M11: B_single | N11: Project Verification Report -ODS- Project EOS-JA-09-01 Period 2 07-11-2010 final #2.pdf | O11: purity_gt90 | P11: 62640 | Z11: 250678 | AA11: 10000 | AB11: no | AC11: Two destruction events; 62,640 lb of 'mostly refrigerant R-12'; lab: 'more than 90% CFC-12 by weight' in each container. Same chain as RP1 (Jaco → Hudson → Clean Harbors). MISMATCH: report ER 250,678 vs spreadsheet credits 238,980 (diff 11,698) — possibly partial issuance. Verifier: NSF. [Credit issuance 4 of 4 for this RP; RP total 238,980; er_match compares report ER to RP total.]
A12: CAR604 | B12: CAOD0016-A | C12: 3 | E12: 1 | M12: B_single | N12: Project Verification Report -ODS- Project EOS-JA-09-01 3rd Period 2010-08-06.pdf | O12: purity_gt90 | P12: 25800 | Z12: 105730 | AA12: 49000 | AB12: no | AC12: One destruction event; 25,800 lb 'mostly refrigerant R-12'; lab: 'more than 90% CFC-12 by weight'. MISMATCH: report ER 105,730 vs spreadsheet RP3 credits 49,000 — spreadsheet RP numbering may not align with CAR registry report numbering. Verifier: NSF.
A13: CAR604 | C13: 4 (not in issuance table) | L13: yes | M13: C_mixed_fill1 | N13: Project Verification Report-ODS-Project EOS-JA-09-01 4th Rpt Period 2010-09-28.pdf | O13: mixed_unspecified | P13: 23800 | Z13: 61775 | AA13: 0 | AB13: n/a | AC13: One destruction event; 23,800 lb 'comprised mostly of R-114 and R-11'; lab: 'a mixture of R-114 and R-11, with small amounts of R-12 and R-115' — no percentages. Spreadsheet has no RP4 row for CAR604; included for completeness. Verifier: NSF.
A14: CAR604 | B14: CAOD0016-E | C14: 5 | E14: 1 | M14: A_lab | N14: Verification Report-ODS-EOS-JA-09-01 5th Per 2010-11-16 signed.pdf | O14: lab_pct | P14: 33200 | S14: 95.94 | Z14: 138575 | AA14: 138575 | AB14: yes | AC14: One destruction event; 33,200 lb of R-12 in one bulk ISO container (Hudson Technologies → Clean Harbors El Dorado AR). Lab (AHRI-700-2006, GC): 'the refrigerant was R-12 at a purity level of 95.94%'. Verifier: NSF-ISR.
A15: CAR604 | B15: CAOD0016-F | C15: 6 | E15: 1 | M15: A_lab | N15: Verification Report-ODS-EOS-JA-09-01 6th Per 2010-12-11.pdf | O15: lab_pct | P15: 26120 | S15: 91.19 | Z15: 103494 | AA15: 103494 | AB15: yes | AC15: One destruction event; 26,120 lb of R-12 (Hudson Technologies → Clean Harbors El Dorado AR). Lab (AHRI-700-2006, GC): 'the refrigerant was R-12 at a purity level of 91.19%'. Verifier: NSF-ISR.
A16: CAR604 | B16: CAOD0016-B | C16: 7 | L16: yes | M16: C_mixed_fill1 | N16: Verification Report-ODS-EOS-JA-09-01 7th Per 2011-02-23 rev 1.pdf | O16: mixed_unspecified | P16: 56400 | Z16: 176882 | AA16: 150000 | AB16: yes | AC16: Two destruction events; 56,400 lb of 'R-12 mixed refrigerant'. MIXED — 'did not meet the 90% purity standard'; no species breakdown. Two ISO tanks aggregated/sampled at Hudson Technologies; AHRI lab, GC. Verifier: NSF-ISR. [Credit issuance 1 of 2 for this RP; RP total 176,882; er_match compares report ER to RP total.]; using average fill values overcredits by 20% indicating too much cfc-12 by
A17: CAR604 | B17: CAOD0016-B2 | C17: 7 | L17: yes | M17: C_mixed_fill1 | N17: Verification Report-ODS-EOS-JA-09-01 7th Per 2011-02-23 rev 1.pdf | O17: mixed_unspecified | P17: 56400 | Z17: 176882 | AA17: 26882 | AB17: yes | AC17: Two destruction events; 56,400 lb of 'R-12 mixed refrigerant'. MIXED — 'did not meet the 90% purity standard'; no species breakdown. Two ISO tanks aggregated/sampled at Hudson Technologies; AHRI lab, GC. Verifier: NSF-ISR. [Credit issuance 2 of 2 for this RP; RP total 176,882; er_match compares report ER to RP total.]
A18: CAR604 | B18: CAOD0016-G | C18: 8 | L18: yes | M18: C_mixed_fill1 | N18: Verification_Report_RptPer8_2011-02-25.pdf | O18: mixed_unspecified | P18: 26360 | Z18: 57125 | AA18: 23118 | AB18: yes | AC18: MIXED ODS (<90% purity): 'one container of mixed ODS, i.e. R-12, R-11, R-114, R-115 refrigerant', aggregated at Hudson Technologies (Champaign IL), destroyed at Clean Harbors El Dorado AR. No species percentage breakdown in report; AHRI-700-2006 lab via GC. Verifier: NSF-ISR. [Credit issuance 1 of 2 for this RP; RP total 57,125; er_match compares report ER to RP total.]
A19: CAR604 | B19: CAOD0016-G2 | C19: 8 | L19: yes | M19: C_mixed_fill1 | N19: Verification_Report_RptPer8_2011-02-25.pdf | O19: mixed_unspecified | P19: 26360 | Z19: 57125 | AA19: 34007 | AB19: yes | AC19: MIXED ODS (<90% purity): 'one container of mixed ODS, i.e. R-12, R-11, R-114, R-115 refrigerant', aggregated at Hudson Technologies (Champaign IL), destroyed at Clean Harbors El Dorado AR. No species percentage breakdown in report; AHRI-700-2006 lab via GC. Verifier: NSF-ISR. [Credit issuance 2 of 2 for this RP; RP total 57,125; er_match compares report ER to RP total.]
A20: CAR628 | B20: CAOD0092-A | C20: 2 | L20: yes | M20: C_mixed_fill1 | N20: GHG_Project_Verification_Report_RefEx_10_13_12 rev w corrections.pdf | O20: mixed_unspecified | Q20: 6459 | Z20: 12510 | AA20: 12510 | AB20: yes | AC20: MIXED ODS (<90% purity): 'mixed ODS (i.e. R-11, R-12, R-114, R-115 <90% purity) refrigerant obtained from sources in the United States, primarily California' (10 half-ton containers). Destroyed at RemTec International (argon arc plasma), Bowling Green OH. No species breakdown. Verifier: NSF-ISR.
A21: CAR781 | B21: CAOD0076-A | C21: 1 | D21: 1 | M21: A_lab | N21: Pure Chem ODS Verification Report Version-Final.pdf | O21: lab_pct | P21: 21480 | R21: 91.5 | Z21: 35437 | AA21: 27437 | AB21: no | AC21: CFC-11 destruction: lab analysis (National Refrigerants Inc, AHRI-certified) 'purity of R-11 (CFC-11) which was 91.50%'. 21,480 lb on COD (ISO tank 60692), destroyed at Clean Harbors El Dorado AR. Material was residue from pharmaceutical-grade purification for a manufacturer. MISMATCH: report ER 35,437 tCO2e vs spreadsheet credits 27,437 (diff exactly 8,000 — possible buffer/other issuance). Verifier: Ruby Canyon Engineering.
A22: CAR784 | B22: CAOD0005-A | C22: 1 | E22: 1 | M22: B_single | N22: Final_ECC-ODS_PA_001VerificationReport.pdf | O22: purity_gt90 | P22: 24895 | Z22: 106398 | AA22: 100000 | AB22: yes | AC22: Two destruction events at Clean Harbors El Dorado AR (COD ZIPU-6401635: 21,360 lb; COD SA4346: 3,535 lb). Lab (National Refrigerants, GC): both non-mixed ODS with 'R12 composition of greater than 90% by weight'; R11/R114/R115 + contaminants <10%. Developer: Environmental Credit Corp. Verifier: TÜV SÜD. [Credit issuance 1 of 2 for this RP; RP total 106,398; er_match compares report ER to RP total.]
A23: CAR784 | B23: CAOD0005-A2 | C23: 1 | E23: 1 | M23: B_single | N23: Final_ECC-ODS_PA_001VerificationReport.pdf | O23: purity_gt90 | P23: 24895 | Z23: 106398 | AA23: 6398 | AB23: yes | AC23: Two destruction events at Clean Harbors El Dorado AR (COD ZIPU-6401635: 21,360 lb; COD SA4346: 3,535 lb). Lab (National Refrigerants, GC): both non-mixed ODS with 'R12 composition of greater than 90% by weight'; R11/R114/R115 + contaminants <10%. Developer: Environmental Credit Corp. Verifier: TÜV SÜD. [Credit issuance 2 of 2 for this RP; RP total 106,398; er_match compares report ER to RP total.]
A24: CAR784 | B24: CAOD0005-C | C24: 2 | L24: yes | M24: C_mixed_fill1 | N24: ECC-ODS-PA-001 2nd VerificationReport_revised.pdf | O24: mixed_unspecified | P24: 33360 | Z24: 109653 | AA24: 109653 | AB24: yes | AC24: One destruction event at Clean Harbors El Dorado AR (COD ZIPU-6401912). Lab (GC): 'mixed ODS with R12 composition of less than 90% by weight'; R11/R114/R115 + contaminants <10%; no exact percentages. Mixed-ODS circulation/sampling at Safe Disposal Systems (EPA Certified Reclaimer). Developer: ECC. Verifier: TÜV SÜD.
A25: CAR784 | B25: CAOD0005-B | C25: 3 | L25: yes | M25: C_mixed_fill1 | N25: ECC-ODS-PA-001 3rd VerificationReport.pdf | O25: mixed_unspecified | P25: 30600 | Z25: 94621 | AA25: 94621 | AB25: yes | AC25: One destruction event at Clean Harbors El Dorado AR (COD ZIPU-6401635-08-09-11). Lab (GC): 'mixed ODS with R11 and R12 compositions of less than 90% by weight'; R114/R115 + contaminants also present; no exact percentages. Developer: ECC. Verifier: TÜV SÜD.
A26: CAR786 | B26: CAOD0069-A | C26: 2 | E26: 1 | M26: B_single | N26: ECC-ODS-CA-002 Ver#2_VerificationReport_Revised.pdf | O26: purity_gt90 | P26: 11032 | Z26: 47593 | AA26: 27951 | AB26: no | AC26: One destruction event at Clean Harbors El Dorado AR (COD BOL6724653); 11,032 lb R-12 sourced from ARCA appliance recoveries (Compton CA). Lab (GC): 'non-mixed ODS with R12 composition of greater than 90% by weight'; R11/R114 + contaminants <10%. MISMATCH: report ER 47,593 vs spreadsheet credits 27,951 (diff 19,642). Developer: ECC. Verifier: TÜV SÜD.
A27: CAR795 | B27: CAOD0065-A | C27: 1 | E27: 1 | M27: A_lab_multi | N27: WSO 2011-1 V1.2.pdf | O27: lab_pct_per_container | P27: 7799 | Z27: 33097 | AA27: 33097 | AB27: yes | AC27: 9 half-ton cylinders of CFC-12 destroyed at Clean Harbors El Dorado AR (2 CODs); 7,799 lb total. Per-cylinder lab purity (National Refrigerants Inc), '% by weight of CFC-12': range 95.42%–99.66% across cylinders (Table 3). Verifier: Ruby Canyon Engineering.
A28: CAR795 | B28: CAOD0065-B | C28: 2 | E28: 1 | M28: A_lab_multi | N28: WSO 2011 1 RP2 Verification Report Final.pdf | O28: lab_pct_per_container | P28: 15269 | Z28: 54406 | AA28: 54406 | AB28: yes | AC28: CFC-12 destruction at Clean Harbors El Dorado AR; 15,269 lb total across multiple CODs. Lab (National Refrigerants Inc): mixed material 'ranged from 73.53% to 75.58% R-12' and pure material 'ranged from 91.86% to 93.19% R-12'. Verifier: Ruby Canyon Engineering.
A29: CAR804 | B29: CAOD0017-G | C29: 1 | L29: yes | M29: C_mixed_fill1 | N29: VerifReport-EOS-CAR2011DomesticP2R12011-05-18[1]final.pdf | O29: mixed_and_pure_unspecified | P29: 50220 | Z29: 113474 | AA29: 63474 | AB29: yes | AC29: Two destruction events at Clean Harbors El Dorado AR: 28,360 lb 'R-12 mixed refrigerant' (<90% purity) + 21,860 lb 'pure R-12' (>90% purity); aggregated at Hudson Technologies. No exact percentages. Verifier: NSF-ISR. [Credit issuance 1 of 2 for this RP; RP total 113,474; er_match compares report ER to RP total.]
A30: CAR804 | B30: CAOD0017-G2 | C30: 1 | L30: yes | M30: C_mixed_fill1 | N30: VerifReport-EOS-CAR2011DomesticP2R12011-05-18[1]final.pdf | O30: mixed_and_pure_unspecified | P30: 50220 | Z30: 113474 | AA30: 50000 | AB30: yes | AC30: Two destruction events at Clean Harbors El Dorado AR: 28,360 lb 'R-12 mixed refrigerant' (<90% purity) + 21,860 lb 'pure R-12' (>90% purity); aggregated at Hudson Technologies. No exact percentages. Verifier: NSF-ISR. [Credit issuance 2 of 2 for this RP; RP total 113,474; er_match compares report ER to RP total.]
A31: CAR804 | B31: CAOD0017-B | C31: 2 | L31: yes | M31: C_mixed_fill1 | N31: VerificationReport-EOS-CAR2011DomesticP2R2_05-30-2011.pdf | O31: mixed_unspecified | P31: 24960 | Z31: 87641 | AA31: 87641 | AB31: yes | AC31: "In this reporting period EOS Climate acquired 14,352 lbs. pounds of mixed ODS (R-12, R-11, R-114, R-115) from Hudson Technologies and 10,768 lbs. pounds of pure R-12 (ranging from 95.2-99.99%)"; Verifier: NSF-ISR.
A32: CAR804 | B32: CAOD0017-A | C32: 3 | D32: 0.2376 | E32: 0.7624 | F32: 0 | G32: 0 | H32: 0 | I32: 0 | J32: 0 | K32: 0 | M32: A_lab_mixed | N32: VerifReport-EOS-CAR2011DomesticP2R3_07-22-2011.pdf | O32: purity_gt90 | P32: 15220 | Z32: 47339 | AA32: 37359 | AB32: yes | AC32: Two destruction events at Clean Harbors El Dorado AR; 15,220 lb: 'two ISO containers of pure ODS (i.e. >90% R-12 or R-11)' from a reclaimer in Nashville TN. Verifier: NSF-ISR. [Credit issuance 1 of 2 for this RP; RP total 47,339; er_match compares report ER to RP total.]
A33: CAR804 | B33: CAOD0017-A2 | C33: 3 | D33: 0.2376 | E33: 0.7624 | F33: 0 | G33: 0 | H33: 0 | I33: 0 | J33: 0 | K33: 0 | M33: A_lab_mixed | N33: VerifReport-EOS-CAR2011DomesticP2R3_07-22-2011.pdf | O33: purity_gt90 | P33: 15220 | Z33: 47339 | AA33: 9980 | AB33: yes | AC33: Two destruction events at Clean Harbors El Dorado AR; 15,220 lb: 'two ISO containers of pure ODS (i.e. >90% R-12 or R-11)' from a reclaimer in Nashville TN. Verifier: NSF-ISR. [Credit issuance 2 of 2 for this RP; RP total 47,339; er_match compares report ER to RP total.]
A34: CAR804 | B34: CAOD0017-D | C34: 4 | L34: yes | M34: C_mixed_fill1 | N34: VerifReport-EOS-CAR2011DomesticP2R4_08-08-2011_Final rev.1.pdf | O34: mixed_unspecified | P34: 51080 | Z34: 145023 | AA34: 127688 | AB34: no | AC34: Two destruction events at Clean Harbors El Dorado AR; 51,080 lb mixed ODS refrigerant (<90% purity) from Hudson Technologies (Champaign IL); species not listed; no breakdown. MISMATCH: report ER 145,023 vs spreadsheet credits 127,688 (diff 17,335). Verifier: NSF-ISR.
A35: CAR804 | B35: CAOD0017-E | C35: 5 | L35: yes | M35: C_mixed_fill1 | N35: VerifReport-EOS-CAR2011DomesticP2R5_10-12-2011 Rev 3.pdf | O35: mixed_unspecified | P35: 39080 | Z35: 118092 | AA35: 117427 | AB35: no | AC35: Two destruction events at Clean Harbors El Dorado AR; 39,080 lb ODS refrigerant; at least one container mixed (<90% purity) from Polar Technology facility; species not listed. SLIGHT MISMATCH: report ER 118,092 vs spreadsheet credits 117,427 (diff 665). Verifier: NSF-ISR.
A36: CAR804 | B36: CAOD0017-F | C36: 6 | E36: 1 | M36: A_lab | N36: VerifReport-EOS-CAR2011DomesticP2R6_11-09-2011 rev.2.pdf | O36: lab_pct | P36: 15480 | S36: 99.16 | Z36: 67022 | AA36: 67022 | AB36: yes | AC36: One destruction event at Clean Harbors El Dorado AR; 15,480 lb 'pure R-12 (approximately 99.16%)' from JACO Environmental facilities (ISO container #1221572). Verifier: NSF-ISR.
A37: CAR804 | B37: CAOD0017-C | C37: 7 | L37: yes | M37: C_mixed_fill1 | N37: VerifReport-EOS-CAR2011DomesticP2R7_2011-12-12.pdf | O37: mixed_and_pure_unspecified | P37: 26740 | Z37: 87863 | AA37: 87863 | AB37: yes | AC37: Two destruction events at Clean Harbors El Dorado AR; 26,740 lb total: 16,320 lb concentrated R-12 (>90%, ISO #1220724, JACO + Hudson) + 10,420 lb mixed R-12 (<90%, ISO #1221588, Polar Technology). No exact percentages. Verifier: NSF-ISR.
A38: CAR805 | B38: CAOD0077-A | C38: 1 | E38: 0.69139 | H38: 0.30456 | I38: 0.00405 | M38: A_lab | N38: Pure Chem ODS Destruction Project #3_Verification Report_Final.pdf | O38: lab_pct | P38: 32560 | S38: 34.88 | V38: 20.81 | W38: 0.59 | Z38: 55730 | AA38: 55730 | AB38: yes | AC38: "All parameters of the analysis exceeded the requirements of the protocol including the purity of R‐12 which was 34.88%, R‐114 which was 20.81%, and R‐115 which was 0.59%."
A39: CAR818 | B39: CAOD0053-B | C39: 1 | L39: yes | M39: C_mixed_fill1 | N39: VerifReport-RemTec-CAR2011DomesticP1R1_08-28-2011.pdf | O39: mixed_unspecified | P39: 31512 | Z39: 95487 | AA39: 95487 | AB39: yes | AC39: One destruction event at RemTec, Bowling Green OH; 31,512 lb 'mixed ODS (i.e. R-12, R-11, R-114, R-115)' (<90% purity); 28 containers aggregated into one 5,500-gal tank; no species breakdown. Verifier: NSF-ISR.
A40: CAR818 | B40: CAOD0053-C | C40: 2 | L40: yes | M40: C_mixed_fill1 | N40: VerifReport-RemTec-CAR2011DomesticP1R2_11-15-2011.pdf | O40: mixed_unspecified | P40: 17120 | Z40: 24912 | AA40: 24912 | AB40: yes | AC40: One destruction event at RemTec, Bowling Green OH; 17,120 lb mixed ODS refrigerant (<90% purity); 19 containers aggregated into one 5,500-gal tank; no species breakdown. Verifier: NSF-ISR.
A41: CAR818 | B41: CAOD0053-A | C41: 3 | L41: yes | M41: C_mixed_fill1 | N41: VerifReport-RemTec-CAR2011Domestic_P1R3_06-27-2012.pdf | O41: mixed_unspecified | P41: 44689 | Z41: 90214 | AA41: 90214 | AB41: yes | AC41: Five destruction events at RemTec, Bowling Green OH; 44,689 lb mixed ODS refrigerant (<90% purity, all events); aggregated per event in 5,500-gal tank; no species breakdown. Verifier: NSF-ISR.
A42: CAR832 | B42: CAOD0067-A | C42: 1 | D42: 0.25792 | E42: 0.74174 | I42: 0.00034 | M42: A_lab | N42: Pure Chem ODS Verification Report Final.pdf (CAR832) | O42: lab_pct | P42: 9140 | R42: 44.9 | S42: 53.42 | W42: 0.07 | Z42: 30061 | AA42: 30061 | AB42: yes | AC42: Mixed CFC-11/CFC-12/CFC-115 destroyed at Clean Harbors El Dorado AR (ISO tank NQT; COD NQT6-4-2011; 9,140 lb). Lab (National Refrigerants Inc) at Clean Harbors: 'purity of R-12 which was 53.42%, R-11 which was 44.90%, and R-115 which was 0.07%' (used in pct columns); at mixing tank 5 (Perrone): R-12 59.39%, R-11 39.23%, R-115 0.08%. Verifier: Ruby Canyon Engineering.
A43: CAR833 | B43: CAOD0068-A | C43: 1 | D43: 0.01106 | E43: 0.9723 | H43: 0.00134 | I43: 0.0153 | M43: A_lab | N43: Pure Chem ODS Verification Report RP1 1.2.pdf | O43: lab_pct | P43: 12900 | R43: 1.03 | S43: 37.46 | V43: 0.07 | W43: 1.7 | Z43: 21870 | AA43: 21870 | AB43: yes | AC43: Mixed ODS destroyed at Clean Harbors El Dorado AR (ISO tank DCIU5420067); 12,900 lb. Lab (National Refrigerants Inc) at Clean Harbors: 'purity of R-12 which was 37.46%, R-115 which was 1.70%, R-11 which was 1.03%, and R-114 which was 0.07%' (used in pct columns); at mixing (Perrone, Rhome TX): R-12 37.65%, R-115 1.68%, R-11 1.04%, R-114 0.07%. ODS sums to ~40% — remainder not specified in report. Verifier: Ruby Canyon Engineering.
A44: CAR833 | B44: CAOD0068-B | C44: 2 | D44: 0.50109 | E44: 0.00212 | H44: 0.49679 | M44: A_lab | N44: Pure Chem #5 RP2 Verification Report Final.pdf | O44: lab_pct | P44: 31640 | R44: 62.79 | S44: 0.11 | V44: 34.88 | Z44: 70737 | AA44: 70737 | AB44: yes | AC44: Mixed ODS destroyed at Clean Harbors El Dorado AR; 31,640 lb. Lab (National Refrigerants Inc) at Clean Harbors: 'R-11 which was 62.79%, R-12 which was 0.11%, and R-114 which was 34.88%' (used in pct columns); at mixing (Perrone, Rhome TX): R-11 63.08%, R-12 0.01%, R-114 34.74%. Verifier: Ruby Canyon Engineering.
A45: CAR833 | B45: CAOD0068-C | C45: 3 | D45: 0.3688 | E45: 0.6166 | H45: 0.0055 | I45: 0.00911 | M45: A_lab_multi | N45: Pure Chem #5 RP3 Verification Report Final.pdf | O45: lab_pct_multi_event | P45: 17960 | Z45: 40917 | AA45: 38704 | AB45: no | AC45: Two destruction events at Clean Harbors El Dorado AR; 17,960 lb total. Event 1 (mixed): Clean Harbors lab 'R-11 which was 0.25%, R-12 which was 67.23%, R-114 which was 0.65%, and R-115 which was 2.84%'. Event 2 (non-mixed R-11): 'contained 97.83% R-11, 0.61% R-12, 0.17% R-114 and 0.05% R-115'. Pct columns left blank because two events differ. MISMATCH: report ER 40,917 vs spreadsheet credits 38,704 (diff 2,213). Verifier: Ruby Canyon Engineering.
A46: CAR833 | B46: CAOD0068-D | C46: 4 | D46: 0.41039 | E46: 0.53634 | H46: 0.04388 | I46: 0.0094 | M46: A_lab_multi | N46: Pure Chem #5 RP4 Verification Report Final.pdf | O46: lab_pct_multi_event | P46: 42040 | Z46: 105163 | AA46: 102276 | AB46: no | AC46: Three destruction events at Clean Harbors El Dorado AR; 42,040 lb total: 18,400 lb mixed R-11 ('87.09% R-11, 7.34% R-114, 0.23% R-12, 0% R-115'), 7,840 lb non-mixed R-11 ('97.96% R-11, 0.08% R-12, 0.90% R-114'), 15,800 lb mixed R-12 ('81.41% R-12, 4.13% R-115, 1.11% R-11, 0.06% R-114'). Lab: National Refrigerants Inc. ER: 33,342 tCO2e (2011 vintage) + 71,821 (2012 vintage) sum 105,163 vs spreadsheet credits 102,276 (diff 2,887). Verifier: Ruby Canyon Engineering.
A47: CAR883 | B47: CAOD0074-A | C47: 1 | D47: 1 | M47: B_single | N47: Verification_Report_2011-10-19_Rev.pdf | O47: virgin_single_species | P47: 23040 | Z47: 41583 | AA47: 41583 | AB47: yes | AC47: One destruction event; 23,040 lb of 'virgin CFC-11 refrigerant' destroyed at Veolia ES hazardous waste combustion facility, Port Arthur TX. No lab percentage given in extracted text. Developer: RemTec International (Bowling Green OH). Verifier: NSF-ISR.
A48: CAR883 | B48: CAOD0074-B | C48: 2 | D48: 1 | M48: B_single | N48: Verification_Report_2011-12-21.pdf | O48: virgin_single_species | P48: 23680 | Z48: 42696 | AA48: 42696 | AB48: yes | AC48: One destruction event; 23,680 lb of 'virgin CFC-11 refrigerant' destroyed at Veolia ES, Port Arthur TX. Verifier: NSF-ISR.
A49: CAR883 | B49: CAOD0074-C | C49: 3 | D49: 1 | M49: B_single | N49: Verification_Report_RemTec_P2R3_2012-02-23.pdf | O49: virgin_single_species | P49: 42300 | Z49: 76344 | AA49: 76344 | AB49: yes | AC49: Two destruction events (2011-12-15/16 and 2011-12-22/24); 42,300 lb of 'virgin CFC-11 refrigerant' destroyed at Veolia ES, Port Arthur TX. Verifier: NSF-ISR.
A50: CAR901 | B50: CAOD0078-A | C50: 1 | E50: 1 | M50: B_single | N50: HoneywellODSProject_VerificationReport.pdf | O50: purity_gt90 | P50: 27540 | Z50: 49621 | AA50: 49621 | AB50: yes | AC50: 27,540 lb R-11 destroyed at Clean Harbors El Dorado AR (COD EURU530092611-29-11). Lab (National Refrigerants Inc, GC): 'non-mixed ODS with R11 composition of greater than 90% by weight'. Developer: Honeywell International. Verifier: TÜV SÜD.
A51: CAR901 | B51: CAOD0078-B | C51: 2 | D51: 1 | M51: B_single | N51: LRQA Verif Report_Honeywell ODS Project_Dec24-27_2011_rev1.pdf | O51: purity_gt90 | P51: 9460 | Z51: 17063 | AA51: 17063 | AB51: yes | AC51: 9,460 lb of unsold virgin CFC-11 (produced by Honeywell before 1996, Wilson Warehouse Baton Rouge LA) destroyed at Clean Harbors El Dorado AR (COD ETNU540028-212-27-11). Lab: 'non-mixed ODS with CFC-11 composition of greater than 90 percent by weight' (GC). Verifier: LRQA Americas.
A52: CAR901 | B52: CAOD0078-C | C52: 3 | E52: 1 | M52: B_single | N52: LRQA Verif Report_Honeywell ODS Project_Feb29-Mar7_2012_rev1.pdf | O52: purity_gt90 | P52: 8166 | Z52: 34332 | AA52: 34332 | AB52: yes | AC52: 8,166 lb of virgin ODS stockpiles (Honeywell Wilson Warehouse, Baton Rouge LA) destroyed at Clean Harbors El Dorado AR. Lab: 'non-mixed ODS with CFC-12 composition of greater than 90 percent by weight' (GC). Vintage 2012: baseline 37,429 - project 3,098 = 34,332. Verifier: LRQA Americas.
A53: CAR901 | B53: CAOD0078-D | C53: 4 | D53: 0.2732 | E53: 0.7263 | F53: 0 | G53: 0 | H53: 0 | I53: 0.0006 | J53: 0 | K53: 0 | M53: A_lab | N53: LRQA Verif Report_Honeywell ODS Project_May28-Jun12_2012_rev1.pdf | O53: mixed_unspecified | P53: 10437 | Z53: 27056 | AA53: 27056 | AB53: yes | AC53: 10,437 lb mixed ODS 'consisting of CFC-11, CFC-12 and CFC-115' (<90% single species) stored at Honeywell, sampled at Hudson Technologies (Champaign IL), destroyed at Clean Harbors El Dorado AR. Species breakdown derived from reported per gas Q parameters.
A54: CAR905 | B54: CAOD0089-A | C54: 1 | E54: 1 | M54: B_single | N54: CAR905 Final Verification Report_2011-12-22.pdf | O54: purity_gt90 | Z54: 125306 | AA54: 125306 | AB54: yes | AC54: R-12 (stockpiled, points of origin in TX/LA) destroyed at Clean Harbors El Dorado AR. Lab (AHRI-certified): 'ISO container contained greater than 90 percent R-12'. Total weight not extracted from report text. ER: baseline 135,607 - project 10,301 = 125,306. Verifier: First Environment.
A55: CAR905 | B55: CAOD0089-B | C55: 2 | E55: 1 | M55: B_single | N55: Final Verification Report_CAR905_2012-02-09.pdf | O55: purity_gt90 | Z55: 72682 | AA55: 72682 | AB55: yes | AC55: R-12 destroyed at Clean Harbors El Dorado AR. Lab: 'ISO container contained greater than 90 percent R-12'. ER: baseline 78,595 - project 5,913 = 72,682. Verifier: First Environment.
A56: CAR906 | B56: CAOD0066-A | C56: 1 | L56: yes | M56: C_mixed_fill1 | N56: WSO 2011 2 RP1 Verification Report Final.pdf | O56: mixed_unspecified | P56: 12519 | Z56: 46215 | AA56: 46215 | AB56: yes | AC56: R-12 and R-11 purchased from an EPA-certified reclaimer; mixed ODS circulated/sampled and destroyed at RemTec (argon arc plasma), Bowling Green OH; 12,519 lb. Lab purities reviewed by verifier but values not stated in report text. Verifier: Ruby Canyon Engineering.
A57: CAR945 | B57: CAOD0039-A | C57: 1 | D57: 0.02956 | E57: 0.97044 | M57: A_species_mass | N57: CAR945 Verification Report_2012-12-06.pdf | O57: purity_gt90 | P57: 12920 | Z57: 52500 | AA57: 52500 | AB57: yes | AC57: CFC-11 (886 lb, electric utility TX) + CFC-12 (1,075 lb appliance recovery CA; 384 lb + 10,575 lb stockpiled, Perfect Score, Red Oak TX). Lab (AHRI): 'containers contained greater than 90 percent CFC-12 or CFC-11'. ER: baseline 56,830 - project 4,330 = 52,500. Verifier: First Environment.
A58: CAR946 | B58: CAOD0018-I | C58: 1 | E58: 1 | M58: B_single | N58: VerifReport-EOS-CAR2012DomesticP3R1_2012-02-21.pdf | O58: purity_gt90 | P58: 15280 | Z58: 65501 | AA58: 40501 | AB58: yes | AC58: One ISO container of pure ODS (>90% R-12) aggregated by Hudson Technologies, destroyed at Clean Harbors El Dorado AR; 15,280 lb. Verifier: NSF-ISR. [Credit issuance 1 of 2 for this RP; RP total 65,501; er_match compares report ER to RP total.]
A59: CAR946 | B59: CAOD0018-I2 | C59: 1 | E59: 1 | M59: B_single | N59: VerifReport-EOS-CAR2012DomesticP3R1_2012-02-21.pdf | O59: purity_gt90 | P59: 15280 | Z59: 65501 | AA59: 25000 | AB59: yes | AC59: One ISO container of pure ODS (>90% R-12) aggregated by Hudson Technologies, destroyed at Clean Harbors El Dorado AR; 15,280 lb. Verifier: NSF-ISR. [Credit issuance 2 of 2 for this RP; RP total 65,501; er_match compares report ER to RP total.]
A60: CAR946 | B60: CAOD0018-A | C60: 2 | E60: 1 | M60: B_single | N60: VerifReport-EOS-CAR2012DomesticP3R2_Final.pdf | O60: purity_gt90 | P60: 20560 | Z60: 88955 | AA60: 88955 | AB60: yes | AC60: One ISO container of pure ODS (>90% R-12), concentrated R-12 from JACO facilities aggregated by Hudson Technologies, destroyed at Clean Harbors El Dorado AR; 20,560 lb. Verifier: NSF-ISR.
A61: CAR946 | B61: CAOD0018-J | C61: 3 | L61: yes | M61: C_mixed_fill1 | N61: VerifReport-EOS-CAR2012DomesticP3R1_2012-03-26.pdf | O61: mixed_unspecified | P61: 31340 | Z61: 81758 | AA61: 81758 | AB61: yes | AC61: NOTE: filename says R1 but text states 'In this third reporting period' and ER matches spreadsheet RP3. One ISO container of mixed ODS (<90% purity) aggregated by Hudson Technologies, destroyed at Clean Harbors El Dorado AR; 31,340 lb. No species breakdown. Verifier: NSF-ISR.
A62: CAR946 | B62: CAOD0018-B | C62: 4 | E62: 1 | M62: B_single | N62: Verification Report-EOS-CAR2012 Domestic P3R4_2012-04-15 EOS accepted.pdf | O62: purity_gt90 | P62: 14620 | Z62: 26314 | AA62: 26314 | AB62: yes | AC62: One ISO container of pure ODS from a single source, aggregated by Polar Technology (Nashville TN), destroyed at Clean Harbors El Dorado AR; 14,620 lb. Lab (AHRI-700-2006): 'the ODS was greater than 90% R-11'. Verifier: NSF-ISR.
A63: CAR946 | B63: CAOD0018-K | C63: 5 | E63: 1 | M63: B_single | N63: VerifReport-EOS-CAR2012DomesticP3R5_FINAL.pdf | O63: purity_gt90 | P63: 24560 | Z63: 106193 | AA63: 106193 | AB63: yes | AC63: One ISO container of pure ODS (>90% R-12), concentrated R-12 from JACO facilities aggregated by Hudson Technologies, destroyed at Clean Harbors El Dorado AR; 24,560 lb. Verifier: NSF-ISR.
A64: CAR946 | B64: CAOD0018-C | C64: 6 | L64: yes | M64: C_mixed_fill1 | N64: VerifReport-EOS-CAR2012DomesticP3RP6_07-10-2012[3].pdf | O64: mixed_unspecified | P64: 15900 | Z64: 61032 | AA64: 61032 | AB64: yes | AC64: One ISO container of mixed ODS (<90% purity) aggregated by Hudson Technologies, destroyed at Clean Harbors El Dorado AR; 15,900 lb. No species breakdown. Verifier: NSF-ISR.
A65: CAR946 | B65: CAOD0018-L | C65: 7 | E65: 1 | M65: B_single | N65: Verification Report 2012-07-21 subm.pdf | O65: purity_gt90 | P65: 15260 | Z65: 66063 | AA65: 66063 | AB65: yes | AC65: One ISO container of pure ODS (>90% R-12), concentrated R-12 from JACO facilities aggregated by Hudson Technologies, destroyed at Clean Harbors El Dorado AR; 15,260 lb. Verifier: NSF-ISR.
A66: CAR946 | B66: CAOD0018-F | C66: 8 | E66: 1 | M66: B_single | N66: VA Report EOS CAR Domestic2012 P3RP8 final 09-09-2012[2].pdf | O66: purity_gt90 | P66: 23320 | Z66: 100836 | AA66: 100836 | AB66: yes | AC66: One ISO container of pure ODS (>90% R-12), concentrated R-12 from JACO facilities aggregated by Hudson Technologies, destroyed at Clean Harbors El Dorado AR; 23,320 lb. Verifier: NSF-ISR.
A67: CAR946 | B67: CAOD0018-D | C67: 9 | E67: 1 | M67: B_single | N67: VerifReport-EOS-CAR2012DomesticP3R9_FINAL.pdf | O67: purity_gt90 | P67: 31360 | Z67: 129503 | AA67: 129503 | AB67: yes | AC67: One ISO container of pure ODS (>90% R-12), concentrated R-12 from JACO + other sources aggregated by Hudson Technologies, destroyed at Clean Harbors El Dorado AR; 31,360 lb. Verifier: NSF-ISR.
A68: CAR946 | B68: CAOD0018-G | C68: 10 | D68: 1 | M68: B_single | N68: VerifReport-EOS-CAR2012DomesticP3R10_2012-11-29 Final.pdf | O68: purity_gt90 | P68: 15260 | Z68: 27070 | AA68: 27070 | AB68: yes | AC68: One ISO container of pure ODS (>90% R-11), concentrated R-11 from Hudson Technologies + other sources, destroyed at Clean Harbors El Dorado AR; 15,260 lb. Verifier: NSF-ISR.
A69: CAR946 | B69: CAOD0018-H | C69: 11 | E69: 1 | M69: B_single | N69: VerifReport_EOS CAR2012 Domestic P3R11_Final.pdf | O69: purity_gt90 | P69: 22820 | Z69: 98685 | AA69: 98685 | AB69: yes | AC69: One ISO container of pure ODS (>90% R-12), concentrated R-12 from Hudson + JACO, destroyed at Clean Harbors El Dorado AR; 22,820 lb. Verifier: NSF-ISR.
A70: CAR946 | B70: CAOD0018-E | C70: 12 | D70: 1 | M70: B_single | N70: VerifReport-EOS-CAR2012DomesticP3R12_Final.pdf | O70: purity_gt90 | P70: 27000 | Z70: 50755 | AA70: 50755 | AB70: yes | AC70: Two ISO containers of pure ODS (>90% R-11), concentrated R-11 from Hudson (Champaign IL) + Polar Technology (Nashville TN; 20,300 lb of the total), destroyed at Clean Harbors El Dorado AR; 27,000 lb. Verifier: NSF-ISR.
A71: CAR947 | B71: CAOD0006-A | C71: 1 | L71: yes | M71: C_mixed_fill1 | N71: CAR-947 Verification Report - Final.pdf | O71: mixed_unspecified | P71: 32340 | Z71: 95546 | AA71: 93638 | AB71: no | AC71: Single destruction event of mixed ODS including R-11, R-12, R-114 and R-115; 32,340 lb (per COD). USA Refrigerants purchased CFC-11/12/114/115 from multiple US sources; aggregated/mixed/sampled at Safe Disposal Inc; destroyed at Clean Harbors El Dorado AR. No species percentages found in report text. MISMATCH: report ER 95,546 vs spreadsheet credits 93,638 (diff 1,908). Verifier: Ruby Canyon Engineering.
A72: CAR947 | B72: CAOD0006-B | C72: 2 | L72: yes | M72: C_mixed_fill1 | N72: CAR-947 RP2 Verification Report Final.pdf | O72: mixed_unspecified | P72: 28520 | Z72: 114836 | AA72: 114836 | AB72: yes | AC72: Single destruction event of mixed ODS including R-11, R-12, R-114 and R-115; 28,520 lb. Aggregated/mixed/sampled at Safe Disposal Inc; destroyed at Clean Harbors El Dorado AR. No species percentages in report text. Verifier: Ruby Canyon Engineering.
A73: CAR947 | B73: CAOD0006-C | C73: 3 | D73: 4e-05 | E73: 0.99978 | H73: 0.00015 | I73: 3e-05 | M73: A_lab | N73: CAR-947 RP3 Verification Report Final.pdf | O73: lab_pct | R73: 0.01 | S73: 99.72 | V73: 0.02 | W73: 0.01 | Z73: 142199 | AA73: 142199 | AB73: yes | AC73: Single destruction event of non-mixed ODS (R-11, R-12, R-114, R-115) at Clean Harbors El Dorado AR. Lab (NRI): 'The composition of the eligible ODS used for the GHG assertion was 0.01% R-11, 99.72% R-12, 0.02% R-114 and 0.01% R-115.' Weight not extracted from report text. Verifier: Ruby Canyon Engineering.
A74: CAR948 | B74: CAOD0090-A | C74: 1 | E74: 0.99682 | I74: 0.00318 | M74: A_lab_multi | N74: Coolgas US ODS Project 2 Verification Report Final.pdf | O74: lab_pct_multi_event | P74: 42645 | Z74: 163884 | AA74: 163884 | AB74: yes | AC74: Three destruction events at RemTec, Bowling Green OH; 42,645 lb total: 975 lb non-mixed R-12 ('contained 99.96% R-12'), 20,270 lb mixed R-12 ('77.62% R-12 and 0.83% R-115', lowest GWP-weighted sample), 21,400 lb non-mixed R-12 ('97.38% R-12 and 0.83% R-115'). Lab: National Refrigerants Inc. ER 4,233 (2011 vintage) + 159,651 (2012 vintage) = 163,884. Verifier: Ruby Canyon Engineering.
A75: CAR952 | B75: CAOD0051-A | C75: 1 | D75: 0.00014 | E75: 0.99974 | H75: 0.00012 | M75: A_lab_multi | N75: PCS Domestic ODS Destruction Project 6 Verification Report Final.pdf | O75: lab_pct_multi_event | P75: 54040 | Z75: 234374 | AA75: 232039 | AB75: no | AC75: Two destruction events at Clean Harbors El Dorado AR (two ISO tankers; 34,160 + 19,880 lb). Lab (NRI): event 1 'contained 99.84% R-12, 0.03% R-11, and 0.02% R-114'; event 2 'contained 99.78% R-12, 0.04% R-11, and 0.01% R-114'. MISMATCH: report ER 234,374 (2012 vintage) vs spreadsheet credits 232,039 (diff 2,335). Verifier: Ruby Canyon Engineering.
A76: CAR952 | B76: CAOD0084-A | C76: 2 | D76: 0.00012 | E76: 0.99973 | H76: 0.00015 | M76: A_lab | N76: PCS Domestic ODS Destruction Project 6 RP2 - Verification Report Final.docx.pdf | O76: lab_pct | P76: 22580 | R76: 0.03 | S76: 99.85 | V76: 0.02 | Z76: 97962 | AA76: 96833 | AB76: no | AC76: One destruction event at Clean Harbors El Dorado AR (one ISO tanker); 22,580 lb. Lab (NRI): 'contained 99.85% R-12, 0.03% R-11, and 0.02% R-114'. MISMATCH: report ER 97,962 (2012 vintage) vs spreadsheet credits 96,833 (diff 1,129). Verifier: Ruby Canyon Engineering.
A77: CAR954 | B77: CAOD0050-A | C77: 1 | D77: 0.46809 | E77: 0.467 | H77: 0.03837 | I77: 0.02654 | M77: A_lab_multi | N77: PCS Domestic ODS Destruction Project #7 (CAR954) Verification Report Final.pdf | O77: lab_pct_multi_event | P77: 30940 | Z77: 73584 | AA77: 72653 | AB77: no | AC77: Two material streams destroyed at Clean Harbors El Dorado AR; 30,940 lb total: 10,800 lb mixed R-12 ('composition of the ODS was 72.08% R-12, 11.83% R-115, 0.29% R-11 and 0.03% R-114'; mixed at Perrone & Associates, Rhome TX) + 20,140 lb non-mixed R-11 ('contained 93.59% R-11, 0.04% R-12, and 4.29% R-114'). Lab: NRI. MISMATCH: report ER 73,584 (2012 vintage) vs spreadsheet credits 72,653 (diff 931). Verifier: Ruby Canyon Engineering.
A78: CAR959 | B78: CAOD0025-A | C78: 1 | D78: 1 | M78: B_single | N78: Rap Rec ODS Verification report 2012-08-12 Rev1.pdf | O78: single_species_unspecified_purity | P78: 30950 | Z78: 54497 | AA78: 54497 | AB78: yes | AC78: One destruction event; 30,950 lb of 'ODS (CFC-11) refrigerant' destroyed at RemTec International, Bowling Green OH. Developer: RapRec Refrigerants Inc (Peoria AZ). No purity statement found in extracted text. Verifier: NSF-ISR.
A79: CAR959 | B79: CAOD0004-A | C79: 2 | D79: 1 | M79: B_single | N79: Verification_Report_RapRec_2nd_Rpt_Per.pdf | O79: single_species_unspecified_purity | P79: 65581 | Z79: 117496 | AA79: 117496 | AB79: yes | AC79: Two destruction events; 65,581 lb of 'ODS (CFC-11)' destroyed at RemTec International, Bowling Green OH. Verifier: NSF-ISR.
A80: CAR960 | B80: CAOD0052-A | C80: 1 | D80: 0.15856 | E80: 0.8394 | H80: 0.00014 | I80: 0.0019 | M80: A_lab_multi | N80: CAR960 DPC Domestic ODS Destruction Project #8 Verification Report Final.pdf | O80: lab_pct_multi_event | P80: 14000 | Z80: 46511 | AA80: 45156 | AB80: no | AC80: Two destruction events at Clean Harbors El Dorado AR (two-compartment ISO tanker PCS-3); 14,000 lb total: 4,220 lb non-mixed R-11 ('contained 96.78% R-11 and 0.01% R-12') + 9,780 lb non-mixed R-12 ('contained 91.76% R-12, 0.14% R-11, 0.60% R-115, and 0.02% R-114'). Lab: NRI. MISMATCH: report ER 46,511 (2012 vintage) vs spreadsheet credits 45,156 (diff 1,355). Verifier: Ruby Canyon Engineering.
A81: CAR974 | B81: CAOD0054-A | C81: 1 | L81: yes | M81: C_mixed_fill1 | N81: CAR974 RemTec ODS Destruction Domestic Project #2 Verification Report Final.pdf | O81: mixed_unspecified | P81: 66398 | Z81: 120267 | AA81: 120267 | AB81: yes | AC81: Five destruction events at RemTec, Bowling Green OH; 66,398 lb total of mixed R-11 and R-12 (stockpiled and non-stockpiled sources). No species percentages found in report text. Verifier: Ruby Canyon Engineering.
A82: CAR974 | B82: CAOD0054-B | C82: 2 | L82: yes | M82: C_mixed_fill1 | N82: CAR974 RemTec ODS Destruction Domestic Project #2 RP2 Verification Report Final.pdf | O82: mixed_unspecified | P82: 15532 | Z82: 36615 | AA82: 36615 | AB82: yes | AC82: Two destruction events at RemTec, Bowling Green OH; 15,532 lb total of mixed R-11 and R-12. No species percentages found in report text. Verifier: Ruby Canyon Engineering.
A83: CAR981 | B83: CAOD0019-A | C83: 1 | E83: 1 | M83: A_lab | N83: CAR981 DPC Project #11 Verification Report Final.pdf | O83: lab_pct | P83: 18860 | S83: 99.93 | Z83: 80612 | AA83: 80612 | AB83: yes | AC83: Non-mixed R-12 destroyed at Clean Harbors El Dorado AR (ISO tanker PCS-1); 18,860 lb. Lab (NRI): 'contained 99.93% R-12'. Verifier: Ruby Canyon Engineering.
A84: CAR990 | B84: CAOD0059-A | C84: registry RP1 | E84: 1 | M84: B_single | N84: Verification_Report_EOS-990_RP1_2013-07-07.pdf | O84: purity_gt90 | P84: 30100 | Z84: 130010 | AA84: 130010 | AB84: yes | AC84: One ISO container of pure ODS (>90% R-12) from Hudson Technologies + 3 other sources, destroyed at Clean Harbors El Dorado AR; 30,100 lb. NOTE: registry report says first reporting period; ER matches a spreadsheet row labeled RP4 (130,010) — spreadsheet RP numbering for CAR990 appears not to match registry report numbering. Verifier: NSF-ISR.; crediting replicated assuming 99.5% CFC-12
A85: CAR990 | B85: CAOD0059-C | C85: 2 | E85: 1 | M85: B_single | N85: VerifReport-EOS2013Dom CAR990_ P2_2013-08-05 ver 2.pdf | O85: purity_gt90 | P85: 22180 | Z85: 95469 | AA85: 95469 | AB85: yes | AC85: One ISO container of pure ODS (>90% R-12) from JACO facilities aggregated by Hudson Technologies, destroyed at Clean Harbors El Dorado AR; 22,180 lb. Verifier: NSF-ISR.
A86: CAR990 | B86: CAOD0059-B | C86: 3 | E86: 1 | M86: B_single | N86: VerifReport-EOS-990_RP3_Final.pdf | O86: purity_gt90 | P86: 23380 | Z86: 100189 | AA86: 100189 | AB86: yes | AC86: One ISO container of pure ODS (>90% R-12) from JACO Environmental aggregated by Hudson Technologies, destroyed at Clean Harbors El Dorado AR; 23,380 lb. Verifier: NSF-ISR.
A87: CAR990 | B87: CAOD0059-D | C87: 4 | L87: yes | M87: C_mixed_fill1 | N87: VerifReport-EOS-990_RP4_v. 2.pdf | O87: mixed_unspecified | P87: 20160 | Z87: 41081 | AA87: 41061 | AB87: approx | AC87: One ISO container of mixed ODS from various sources aggregated by Hudson Technologies, destroyed at Clean Harbors El Dorado AR; 20,160 lb. No species breakdown. SLIGHT MISMATCH: report ER 41,081 vs spreadsheet credits 41,061 (diff 20). Note: spreadsheet also labels the 130,010 issuance as RP4 — that ER matches the registry's RP1 report instead. Verifier: NSF-ISR.
A88: CAR1003 | B88: CAOD0062-A | C88: 1 | D88: 0.00026 | E88: 0.99957 | I88: 0.00018 | M88: A_lab | N88: CAR1003 DPC Domestic ODS Destruction Project 13 Verification Report Final.pdf | O88: lab_pct | P88: 12800 | Q88: 12682.5 | R88: 0.06 | S88: 97.05 | W88: 0.05 | Z88: 53490 | AA88: 53490 | AB88: yes | AC88: Non-mixed R-12 destroyed at Clean Harbors, El Dorado AR. Lab analysis by National Refrigerants Inc: 'The sample contained 97.05% R-12, 0.06% R-11, and 0.05% R-115.' HBR subtracted from COD weight. Verifier: Ruby Canyon Engineering.
A89: CAR1023 | B89: CAOD0091-A | C89: 1 | D89: 1 | M89: B_single | N89: Final Verification Report_2014-05-23.pdf | O89: purity_gt90 | P89: 25582 | Z89: 108627 | AA89: 108627 | AB89: yes | AC89: Non-mixed CFC-12 'including trace amounts of CFC-11, CFC-114, and CFC-115' destroyed at RemTec, Bowling Green OH. Lab (AHRI-certified): 'greater than 90 percent CFC-12' — no exact percentages. Sources: 1,967 lb non-stockpiled (Golden Nugget Casino, Atlantic City NJ) + 23,615 lb stockpiled (LSI, Houston TX). ER 108,627 (baseline 117,461 - project 8,834). Verifier: First Environment.

Sheet template_2014_foam
C1: Mass ODS (lb) | D1: CFC-11 (mass%) | E1: CFC-12 (mass%) | F1: CFC-13 (mass%) | G1: CFC-113 (mass%) | H1: CFC-114 (mass%) | I1: CFC-115 (mass%) | J1: HCFC-22 (mass%) | K1: HCFC-141b (mass%)
B2: 1 | C2: 13221 | D2: 16.25 | E2: 66.57 | F2: 0 | G2: 0 | H2: 3.52 | I2: 1.22 | J2: 0 | K2: 0
B3: 2 | C3: 9904 | D3: 0.02 | E3: 97.01 | F3: 0 | G3: 0 | H3: 0 | I3: 0.01 | J3: 0 | K3: 0
B4: 3 | C4: 12162 | D4: 0.05 | E4: 98.86 | F4: 0 | G4: 0.01 | H4: 0 | I4: 0.01 | J4: 0 | K4: 0
B5: 4
B6: 5
B8: mass eligible ods sent for destruction (lbsODS) | C8: =sum(D8:K8) -> 33219.016 | D8: =(D5/100)*$C5 + (D4/100)*$C4 + (D3/100)*$C3+ (D2/100)*$C2 + (D6/100)*$C6 -> 2156.4743 | E8: =(E5/100)*$C5 + (E4/100)*$C4 + (E3/100)*$C3+ (E2/100)*$C2 + (E6/100)*$C6 -> 30432.443 | F8: =(F5/100)*$C5 + (F4/100)*$C4 + (F3/100)*$C3+ (F2/100)*$C2 + (F6/100)*$C6 -> 0 | G8: =(G5/100)*$C5 + (G4/100)*$C4 + (G3/100)*$C3+ (G2/100)*$C2 + (G6/100)*$C6 -> 1.2162 | H8: =(H5/100)*$C5 + (H4/100)*$C4 + (H3/100)*$C3+ (H2/100)*$C2 + (H6/100)*$C6 -> 465.3792 | I8: =(I5/100)*$C5 + (I4/100)*$C4 + (I3/100)*$C3+ (I2/100)*$C2 + (I6/100)*$C6 -> 163.5028 | J8: =(J5/100)*$C5 + (J4/100)*$C4 + (J3/100)*$C3+ (J2/100)*$C2 + (J6/100)*$C6 -> 0 | K8: =(K5/100)*$C5 + (K4/100)*$C4 + (K3/100)*$C3+ (K2/100)*$C2 + (K6/100)*$C6 -> 0
A9: Q_refr,i | B9: mass eligible ods sent for destruction (mtODS) | C9: =sum(D9:K9) -> 15.067813 | D9: =D8*0.00045359 -> 0.97815518 | E9: =E8*0.00045359 -> 13.803852 | F9: =F8*0.00045359 -> 0 | G9: =G8*0.00045359 -> 0.00055165616 | H9: =H8*0.00045359 -> 0.21109135 | I9: =I8*0.00045359 -> 0.074163235 | J9: =J8*0.00045359 -> 0 | K9: =K8*0.00045359 -> 0
B11: project baseline emissions (mtco2e) | C11: 328617
A12: BE (Eq 5.2) | B12: project baseline emissions (mtCO2e) | C12: =sum(C14) -> 149056.98
A14: BE_refr (Eq 5.3) | B14: mass baseline emissions from regrigerant ODS (mtCO2e) | C14: =sum(D14:K14) -> 149056.98 | D14: =D9*D15*D16 -> 4135.151 | E14: =E9*E15*E16 -> 142938.89 | F14: =F9*F15*F16 -> 0 | G14: =G9*G15*G16 -> 3.0096705 | H14: =H9*H15*H16 -> 1646.5125 | I14: =I9*I15*I16 -> 333.41566 | J14: =J9*J15*J16 -> 0 | K14: =K9*K15*K16 -> 0
A15: ER_refr,i (Table B.1) | B15: 10-year cumulative emission rate for refrigerant ODS (..) | D15: 0.89 | E15: 0.95 | F15: 0.61 | G15: 0.89 | H15: 0.78 | I15: 0.61
A16: GWP_i (Table B.1) | B16: GWP ODS (mtCO2e / mtODS) | D16: 4750 | E16: 10900 | F16: 14400 | G16: 6130 | H16: 10000 | I16: 7370 | J16: 1810 | K16: 725
A18: BE_foam (Eq 5.4) | B18: mass baseline emissions from ODS blowing agent (mtCO2e) | C18: 0
A19: GWP_i (Table B.2) | B19: GWP ODS (mtCO2e / mtODS) | D19: 4750 | E19: 10900 | J19: 1810 | K19: 725
A20: ER_i,app (Table B.2) | B20: appliance ODS blowing agent 10-year ER | D20: 0.44 | E20: 0.55 | J20: 0.75 | K20: 0.5
A21: ER_i,build (Table B.2) | B21: building ODS blowing agent 10-year ER | D21: 0.2 | E21: 0.36 | J21: 0.65 | K21: 0.29
B23: project emissions (mtco2e) | C23: 22100
A24: PE (Eq 5.5) | B24: project emissions (mtco2e) | C24: =sum(C26,C29,C31) -> 10024.282
A26: Sub_ref (Eq 5.6) | B26: total ghg emissions from sub refrigerant (mtCO2e) | C26: =sum(D26:K26) -> 9911.2735 | D26: =D9*D27 -> 218.1286 | E26: =E9*E27 -> 9469.4424 | F26: =F9*F27 -> 0 | G26: =G9*G27 -> 0.12136435 | H26: =H9*H27 -> 139.1092 | I26: =I9*I27 -> 84.471925 | J26: =J9*J27 -> 0 | K26: =K9*K27 -> 0
A27: SE_i | B27: substitute emissions (tco2e / tODS) | D27: 223 | E27: 686 | F27: 7144 | G27: 220 | H27: 659 | I27: 1139
A29: BA_pr (Eq 5.7) | B29: Total mass off ODS blowing agent from appliance foam released during ODS extraction | C29: 0
A31: Tr + Dest (Eq 5.8) | B31: Total GHG emissions from transport of ODS (mtCO2e) | C31: =C32*C33 -> 113.0086 | D31: =D32*$C33 -> 7.3361638 | E31: =E32*$C33 -> 103.52889 | F31: =F32*$C33 -> 0 | G31: =G32*$C33 -> 0.0041374212 | H31: =H32*$C33 -> 1.5831851 | I31: =I32*$C33 -> 0.55622426 | J31: =J32*$C33 -> 0 | K31: =K32*$C33 -> 0
A32: Q_totalODS | B32: total mass of ods sent for destruction | C32: =C9 -> 15.067813 | D32: =D9 -> 0.97815518 | E32: =E9 -> 13.803852 | F32: =F9 -> 0 | G32: =G9 -> 0.00055165616 | H32: =H9 -> 0.21109135 | I32: =I9 -> 0.074163235 | J32: =J9 -> 0 | K32: =K9 -> 0
A33: EF_T&D | B33: default emission factor for refrigernat or extracted ODS blowing agent | C33: 7.5
B36: total reductions (mtco2e) | C36: 306517
B37: total reductions (mtco2e) | C37: =C14-C26-C31 -> 139032.69 | D37: =D14-D26-D31 -> 3909.6862 | E37: =E14-E26-E31 -> 133365.92 | F37: =F14-F26-F31 -> 0 | G37: =G14-G26-G31 -> 2.8841687 | H37: =H14-H26-H31 -> 1505.8202 | I37: =I14-I26-I31 -> 248.38751 | J37: =J14-J26-J31 -> 0 | K37: =K14-K26-K31 -> 0
B38: credit replication diff (%) | C38: =abs(C37-C36)/C36 -> 0.54641115
B39: contribution ratio | C39: =sum(D39:K39) -> 1 | D39: =D37/$C37 -> 0.028120625 | E39: =E37/$C37 -> 0.9592414 | F39: =F37/$C37 -> 0 | G39: =G37/$C37 -> 2.0744536e-05 | H39: =H37/$C37 -> 0.010830691 | I39: =I37/$C37 -> 0.0017865403 | J39: =J37/$C37 -> 0 | K39: =K37/$C37 -> 0
B41: contribution ratio — atmosphere approach | C41: =sum(D41:K41) -> 1 | D41: =(D14*($C36/$C14))/$C36 -> 0.027742083 | E41: =(E14*($C36/$C14))/$C36 -> 0.9589547 | F41: =(F14*($C36/$C14))/$C36 -> 0 | G41: =(G14*($C36/$C14))/$C36 -> 2.019141e-05 | H41: =(H14*($C36/$C14))/$C36 -> 0.011046196 | I41: =(I14*($C36/$C14))/$C36 -> 0.0022368336 | J41: =(J14*($C36/$C14))/$C36 -> 0 | K41: =(K14*($C36/$C14))/$C36 -> 0
B42: contribution diff (%) | D42: =(D41-D39)/D39 -> -0.013461361 | E42: =(E41-E39)/E39 -> -0.0002988852 | F42: =(F41-F39)/F39 -> #DIV/0! | G42: =(G41-G39)/G39 -> -0.026663701 | H42: =(H41-H39)/H39 -> 0.019897597 | I42: =(I41-I39)/I39 -> 0.25204769 | J42: =(J41-J39)/J39 -> #DIV/0! | K42: =(K41-K39)/K39 -> #DIV/0!

Sheet OLD ods_issuance_ratios
C1: GWP ODS (tco2e / t ods) | D1: 4750 | E1: 10900 | F1: 14400 | G1: 6130 | H1: 10000 | I1: 7370 | J1: 1810 | K1: 725
C3: Mass ODS (lb) | D3: CFC-11 (mass%) | E3: CFC-12 (mass%) | F3: CFC-13 (mass%) | G3: CFC-113 (mass%) | H3: CFC-114 (mass%) | I3: CFC-115 (mass%) | J3: HCFC-22 (mass%) | K3: HCFC-141b (mass%)
A4: ACR1007 | B4: 1 | C4: 6570 | D4: 0.18 | E4: 77.9 | F4: 0 | G4: 0.07 | H4: 5.11 | I4: 4.7 | J4: 0 | K4: 0
B5: 2 | C5: 5700 | D5: 0.3 | E5: 82.23 | F5: 0 | G5: 0.04 | H5: 1.11 | I5: 5.56 | J5: 0 | K5: 0
B6: 3 | C6: 4186 | D6: 0.27 | E6: 93.49 | F6: 0 | G6: 0.41 | H6: 0.64 | I6: 1.49 | J6: 0 | K6: 0
B7: 4 | C7: 7290 | D7: 0.01 | E7: 0.1 | F7: 0 | G7: 99.78 | H7: 0.01 | I7: 0.02 | J7: 0 | K7: 0
B9: mass eligible ods (lbs) | C9: =sum(D9:K9) -> 22180.938 | D9: =(D7/100)*$C7 + (D6/100)*$C6 + (D5/100)*$C5+ (D4/100)*$C4 -> 40.9572 | E9: =(E7/100)*$C7 + (E6/100)*$C6 + (E5/100)*$C5+ (E4/100)*$C4 -> 13725.921 | F9: =(F7/100)*$C7 + (F6/100)*$C6 + (F5/100)*$C5+ (F4/100)*$C4 -> 0 | G9: =(G7/100)*$C7 + (G6/100)*$C6 + (G5/100)*$C5+ (G4/100)*$C4 -> 7298.0036 | H9: =(H7/100)*$C7 + (H6/100)*$C6 + (H5/100)*$C5+ (H4/100)*$C4 -> 426.5164 | I9: =(I7/100)*$C7 + (I6/100)*$C6 + (I5/100)*$C5+ (I4/100)*$C4 -> 689.5394 | J9: =(J7/100)*$C7 + (J6/100)*$C6 + (J5/100)*$C5+ (J4/100)*$C4 -> 0 | K9: =(K7/100)*$C7 + (K6/100)*$C6 + (K5/100)*$C5+ (K4/100)*$C4 -> 0
B10: mass eligible ods (tons) | C10: =sum(D10:K10) -> 10.061096 | D10: =D9*0.000453592 -> 0.018577858 | E10: =E9*0.000453592 -> 6.2259681 | F10: =F9*0.000453592 -> 0 | G10: =G9*0.000453592 -> 3.310316 | H10: =H9*0.000453592 -> 0.19346443 | I10: =I9*0.000453592 -> 0.31276956 | J10: =J9*0.000453592 -> 0 | K10: =K9*0.000453592 -> 0
B11: mass eligible ods (tco2e) | C11: =sum(D11:K11) -> 92483.291 | D11: =D10*D$1 -> 88.244827 | E11: =E10*E$1 -> 67863.053 | F11: =F10*F$1 -> 0 | G11: =G10*G$1 -> 20292.237 | H11: =H10*H$1 -> 1934.6443 | I11: =I10*I$1 -> 2305.1116 | J11: =J10*J$1 -> 0 | K11: =K10*K$1 -> 0
B12: contibution ratio | C12: =sum(D12:K12) -> 1 | D12: =D11/$C11 -> 0.00095417049 | E12: =E11/$C11 -> 0.73378718 | F12: =F11/$C11 -> 0 | G12: =G11/$C11 -> 0.21941517 | H12: =H11/$C11 -> 0.020918852 | I12: =I11/$C11 -> 0.024924628 | J12: =J11/$C11 -> 0 | K12: =K11/$C11 -> 0
A14: ACR1013 | B14: 1 | C14: 5356 | D14: 94.63 | E14: 0.16 | F14: 0 | G14: 4.65 | H14: 0 | I14: 0.02 | J14: 0 | K14: 0
B15: 2 | C15: 16710 | D15: 0.04 | E15: 91.81 | F15: 0 | G15: 0.02 | H15: 3.09 | I15: 0.04 | J15: 0 | K15: 0
B16: 3 | C16: 6310 | D16: 0.04 | E16: 24.54 | F16: 0 | G16: 0 | H16: 0.01 | I16: 0.02 | J16: 0 | K16: 0
B17: 4 | C17: 8120 | D17: 0.01 | E17: 20.51 | F17: 0 | G17: 0 | H17: 0.02 | I17: 0.01 | J17: 0 | K17: 0
B18: 5
B20: mass eligible ods (lbs) | C20: =SUM(C14:C18) -> 36496 | D20: =(D18/100)*$C18 + (D17/100)*$C17 + (D16/100)*$C16+ (D15/100)*$C15 + (D14/100)*$C14 -> 5078.4028 | E20: =(E18/100)*$C18 + (E17/100)*$C17 + (E16/100)*$C16+ (E15/100)*$C15 + (E14/100)*$C14 -> 18563.907 | F20: =(F18/100)*$C18 + (F17/100)*$C17 + (F16/100)*$C16+ (F15/100)*$C15 + (F14/100)*$C14 -> 0 | G20: =(G18/100)*$C18 + (G17/100)*$C17 + (G16/100)*$C16+ (G15/100)*$C15 + (G14/100)*$C14 -> 252.396 | H20: =(H18/100)*$C18 + (H17/100)*$C17 + (H16/100)*$C16+ (H15/100)*$C15 + (H14/100)*$C14 -> 518.594 | I20: =(I18/100)*$C18 + (I17/100)*$C17 + (I16/100)*$C16+ (I15/100)*$C15 + (I14/100)*$C14 -> 9.8292 | J20: =(J18/100)*$C18 + (J17/100)*$C17 + (J16/100)*$C16+ (J15/100)*$C15 + (J14/100)*$C14 -> 0 | K20: =(K18/100)*$C18 + (K17/100)*$C17 + (K16/100)*$C16+ (K15/100)*$C15 + (K14/100)*$C14 -> 0
B21: mass eligible ods (tons) | C21: =sum(D21:K21) -> 11.078136 | D21: =D20*0.000453592 -> 2.3035229 | E21: =E20*0.000453592 -> 8.4204395 | F21: =F20*0.000453592 -> 0 | G21: =G20*0.000453592 -> 0.11448481 | H21: =H20*0.000453592 -> 0.23523009 | I21: =I20*0.000453592 -> 0.0044584465 | J21: =J20*0.000453592 -> 0 | K21: =K20*0.000453592 -> 0
B22: mass eligible ods (tco2e) | C22: =sum(D22:K22) -> 105811.48 | D22: =D21*D$1 -> 10941.734 | E22: =E21*E$1 -> 91782.791 | F22: =F21*F$1 -> 0 | G22: =G21*G$1 -> 701.79186 | H22: =H21*H$1 -> 2352.3009 | I22: =I21*I$1 -> 32.858751 | J22: =J21*J$1 -> 0 | K22: =K21*K$1 -> 0
B23: contibution ratio | C23: =sum(D23:K23) -> 1 | D23: =D22/$C22 -> 0.10340782 | E23: =E22/$C22 -> 0.86741811 | F23: =F22/$C22 -> 0 | G23: =G22/$C22 -> 0.006632474 | H23: =H22/$C22 -> 0.022231056 | I23: =I22/$C22 -> 0.00031054052 | J23: =J22/$C22 -> 0 | K23: =K22/$C22 -> 0
A25: ACR1020 | B25: 1 | C25: 24710 | D25: 0.04 | E25: 51.66 | F25: 0 | G25: 45.97 | H25: 0 | I25: 0.79 | J25: 0 | K25: 0
B27: mass eligible ods (lbs) | C27: =sum(D27:K27) -> 24329.466 | D27: =(D25/100)*$C25 -> 9.884 | E27: =(E25/100)*$C25 -> 12765.186 | F27: =(F25/100)*$C25 -> 0 | G27: =(G25/100)*$C25 -> 11359.187 | H27: =(H25/100)*$C25 -> 0 | I27: =(I25/100)*$C25 -> 195.209 | J27: =(J25/100)*$C25 -> 0 | K27: =(K25/100)*$C25 -> 0
B28: mass eligible ods (tons) | C28: =sum(D28:K28) -> 11.035651 | D28: =D27*0.000453592 -> 0.0044833033 | E28: =E27*0.000453592 -> 5.7901862 | F28: =F27*0.000453592 -> 0 | G28: =G27*0.000453592 -> 5.1524364 | H28: =H27*0.000453592 -> 0 | I28: =I27*0.000453592 -> 0.088545241 | J28: =J27*0.000453592 -> 0 | K28: =K27*0.000453592 -> 0
B29: mass eligible ods (tco2e) | C29: =sum(D29:K29) -> 95371.339 | D29: =D28*D$1 -> 21.295691 | E29: =E28*E$1 -> 63113.03 | F29: =F28*F$1 -> 0 | G29: =G28*G$1 -> 31584.435 | H29: =H28*H$1 -> 0 | I29: =I28*I$1 -> 652.57842 | J29: =J28*J$1 -> 0 | K29: =K28*K$1 -> 0
B30: contibution ratio | C30: =sum(D30:K30) -> 1 | D30: =D29/$C29 -> 0.00022329235 | E30: =E29/$C29 -> 0.66176097 | F30: =F29/$C29 -> 0 | G30: =G29/$C29 -> 0.33117323 | H30: =H29/$C29 -> 0 | I30: =I29/$C29 -> 0.0068425004 | J30: =J29/$C29 -> 0 | K30: =K29/$C29 -> 0
A32: ACR1022 | B32: 1 | C32: 3653 | D32: 70.91 | E32: 0.16 | F32: 0 | G32: 19.77 | H32: 0.02 | I32: 0.07 | J32: 0 | K32: 0
B33: 2 | C33: 17600 | D33: 0.04 | E33: 93.84 | F33: 0.03 | G33: 0.03 | H33: 0.22 | I33: 0.28 | J33: 0 | K33: 0
B35: mass eligible ods (lbs) | C35: =SUM(C32:C33) -> 21253 | D35: =(D33/100)*$C33 + (D32/100)*$C32 -> 2597.3823 | E35: =(E33/100)*$C33 + (E32/100)*$C32 -> 16521.685 | F35: =(F33/100)*$C33 + (F32/100)*$C32 -> 5.28 | G35: =(G33/100)*$C33 + (G32/100)*$C32 -> 727.4781 | H35: =(H33/100)*$C33 + (H32/100)*$C32 -> 39.4506 | I35: =(I33/100)*$C33 + (I32/100)*$C32 -> 51.8371 | J35: =(J33/100)*$C33 + (J32/100)*$C32 -> 0 | K35: =(K33/100)*$C33 + (K32/100)*$C32 -> 0
B36: mass eligible ods (tons) | C36: =sum(D36:K36) -> 9.0460365 | D36: =D35*0.000453592 -> 1.1781518 | E36: =E35*0.000453592 -> 7.4941041 | F36: =F35*0.000453592 -> 0.0023949658 | G36: =G35*0.000453592 -> 0.32997825 | H36: =H35*0.000453592 -> 0.017894477 | I36: =I35*0.000453592 -> 0.023512894 | J36: =J35*0.000453592 -> 0 | K36: =K35*0.000453592 -> 0
B37: mass eligible ods (tco2e) | C37: =sum(D37:K37) -> 89691.444 | D37: =D36*D$1 -> 5596.2212 | E37: =E36*E$1 -> 81685.734 | F37: =F36*F$1 -> 34.487507 | G37: =G36*G$1 -> 2022.7667 | H37: =H36*H$1 -> 178.94477 | I37: =I36*I$1 -> 173.29003 | J37: =J36*J$1 -> 0 | K37: =K36*K$1 -> 0
B38: contibution ratio | C38: =sum(D38:K38) -> 1 | D38: =D37/$C37 -> 0.062394147 | E38: =E37/$C37 -> 0.91074165 | F38: =F37/$C37 -> 0.00038451278 | G38: =G37/$C37 -> 0.022552504 | H38: =H37/$C37 -> 0.0019951152 | I38: =I37/$C37 -> 0.0019320686 | J38: =J37/$C37 -> 0 | K38: =K37/$C37 -> 0
A40: ACR1040 | B40: 1 | C40: 30820 | D40: 0.07 | E40: 93.56 | F40: 0 | G40: 0 | H40: 3.68 | I40: 0.17 | J40: 0 | K40: 0
B41: 2 | C41: 240 | D41: 0.07 | E41: 93.56 | F41: 0 | G41: 0 | H41: 3.68 | I41: 0.17 | J41: 0 | K41: 0
B42: 3
B43: 4
B44: 5
B46: mass eligible ods (lbs) | C46: =SUM(C40:C44) -> 31060 | D46: =(D44/100)*$C44 + (D43/100)*$C43 + (D42/100)*$C42+ (D41/100)*$C41 + (D40/100)*$C40 -> 21.742 | E46: =(E44/100)*$C44 + (E43/100)*$C43 + (E42/100)*$C42+ (E41/100)*$C41 + (E40/100)*$C40 -> 29059.736 | F46: =(F44/100)*$C44 + (F43/100)*$C43 + (F42/100)*$C42+ (F41/100)*$C41 + (F40/100)*$C40 -> 0 | G46: =(G44/100)*$C44 + (G43/100)*$C43 + (G42/100)*$C42+ (G41/100)*$C41 + (G40/100)*$C40 -> 0 | H46: =(H44/100)*$C44 + (H43/100)*$C43 + (H42/100)*$C42+ (H41/100)*$C41 + (H40/100)*$C40 -> 1143.008 | I46: =(I44/100)*$C44 + (I43/100)*$C43 + (I42/100)*$C42+ (I41/100)*$C41 + (I40/100)*$C40 -> 52.802 | J46: =(J44/100)*$C44 + (J43/100)*$C43 + (J42/100)*$C42+ (J41/100)*$C41 + (J40/100)*$C40 -> 0 | K46: =(K44/100)*$C44 + (K43/100)*$C43 + (K42/100)*$C42+ (K41/100)*$C41 + (K40/100)*$C40 -> 0
B47: mass eligible ods (tons) | C47: =sum(D47:K47) -> 13.733536 | D47: =D46*0.000453592 -> 0.0098619973 | E47: =E46*0.000453592 -> 13.181264 | F47: =F46*0.000453592 -> 0 | G47: =G46*0.000453592 -> 0 | H47: =H46*0.000453592 -> 0.51845928 | I47: =I46*0.000453592 -> 0.023950565 | J47: =J46*0.000453592 -> 0 | K47: =K46*0.000453592 -> 0
B48: mass eligible ods (tco2e) | C48: =sum(D48:K48) -> 149083.73 | D48: =D47*D$1 -> 46.844487 | E48: =E47*E$1 -> 143675.78 | F48: =F47*F$1 -> 0 | G48: =G47*G$1 -> 0 | H48: =H47*H$1 -> 5184.5928 | I48: =I47*I$1 -> 176.51566 | J48: =J47*J$1 -> 0 | K48: =K47*K$1 -> 0
B49: contibution ratio | C49: =sum(D49:K49) -> 1 | D49: =D48/$C48 -> 0.00031421596 | E49: =E48/$C48 -> 0.9637254 | F49: =F48/$C48 -> 0 | G49: =G48/$C48 -> 0 | H49: =H48/$C48 -> 0.034776383 | I49: =I48/$C48 -> 0.0011840035 | J49: =J48/$C48 -> 0 | K49: =K48/$C48 -> 0
A51: ACR1042 | B51: 1 | C51: 5363 | D51: 32.45 | E51: 0.11 | F51: 0 | G51: 65.93 | H51: 0 | I51: 0.12 | J51: 0 | K51: 0 | M51: =sum(D51:K51) -> 98.61
B52: 2 | C52: 7188 | D52: 0.5 | E52: 87.56 | F52: 0 | G52: 0.2 | H52: 0.05 | I52: 3.6 | J52: 0 | K52: 0 | M52: =sum(D52:K52) -> 91.91
B53: 3 | C53: 8780 | D53: 91.94 | E53: 0.05 | F53: 0 | G53: 4.23 | H53: 0 | I53: 0 | J53: 0 | K53: 0 | M53: =sum(D53:K53) -> 96.22
B54: 4 | C54: 7074 | D54: 0.13 | E54: 97.18 | F54: 0 | G54: 0.02 | H54: 0.02 | I54: 0.28 | J54: 0 | K54: 0 | M54: =sum(D54:K54) -> 97.63
B55: 5 | C55: 3180 | D55: 0.07 | E55: 31.84 | F55: 0 | G55: 0.04 | H55: 19.35 | I55: 16.35 | J55: 0 | K55: 0 | M55: =sum(D55:K55) -> 67.65
B57: mass eligible ods (lbs) | C57: =SUM(C51:C55) -> 31585 | D57: =(D55/100)*$C55 + (D54/100)*$C54 + (D53/100)*$C53+ (D52/100)*$C52 + (D51/100)*$C51 -> 9859.9877 | E57: =(E55/100)*$C55 + (E54/100)*$C54 + (E53/100)*$C53+ (E52/100)*$C52 + (E51/100)*$C51 -> 14191.127 | F57: =(F55/100)*$C55 + (F54/100)*$C54 + (F53/100)*$C53+ (F52/100)*$C52 + (F51/100)*$C51 -> 0 | G57: =(G55/100)*$C55 + (G54/100)*$C54 + (G53/100)*$C53+ (G52/100)*$C52 + (G51/100)*$C51 -> 3924.2827 | H57: =(H55/100)*$C55 + (H54/100)*$C54 + (H53/100)*$C53+ (H52/100)*$C52 + (H51/100)*$C51 -> 620.3388 | I57: =(I55/100)*$C55 + (I54/100)*$C54 + (I53/100)*$C53+ (I52/100)*$C52 + (I51/100)*$C51 -> 804.9408 | J57: =(J55/100)*$C55 + (J54/100)*$C54 + (J53/100)*$C53+ (J52/100)*$C52 + (J51/100)*$C51 -> 0 | K57: =(K55/100)*$C55 + (K54/100)*$C54 + (K53/100)*$C53+ (K52/100)*$C52 + (K51/100)*$C51 -> 0
B58: mass eligible ods (tons) | C58: =sum(D58:K58) -> 13.335912 | D58: =D57*0.000453592 -> 4.4724115 | E58: =E57*0.000453592 -> 6.4369818 | F58: =F57*0.000453592 -> 0 | G58: =G57*0.000453592 -> 1.7800232 | H58: =H57*0.000453592 -> 0.28138072 | I58: =I57*0.000453592 -> 0.36511471 | J58: =J57*0.000453592 -> 0 | K58: =K57*0.000453592 -> 0
B59: mass eligible ods (tco2e) | C59: =sum(D59:K59) -> 107823.3 | D59: =D58*D$1 -> 21243.955 | E59: =E58*E$1 -> 70163.102 | F59: =F58*F$1 -> 0 | G59: =G58*G$1 -> 10911.542 | H59: =H58*H$1 -> 2813.8072 | I59: =I58*I$1 -> 2690.8954 | J59: =J58*J$1 -> 0 | K59: =K58*K$1 -> 0
B60: contibution ratio | C60: =sum(D60:K60) -> 1 | D60: =D59/$C59 -> 0.19702564 | E60: =E59/$C59 -> 0.650723 | F60: =F59/$C59 -> 0 | G60: =G59/$C59 -> 0.10119837 | H60: =H59/$C59 -> 0.026096466 | I60: =I59/$C59 -> 0.024956529 | J60: =J59/$C59 -> 0 | K60: =K59/$C59 -> 0
